-- phpMyAdmin SQL Dump
-- version 3.4.5
-- http://www.phpmyadmin.net
--
-- Host: localhost
-- Generation Time: May 16, 2013 at 03:38 PM
-- Server version: 5.5.16
-- PHP Version: 5.3.8

SET SQL_MODE="NO_AUTO_VALUE_ON_ZERO";
SET time_zone = "+00:00";


/*!40101 SET @OLD_CHARACTER_SET_CLIENT=@@CHARACTER_SET_CLIENT */;
/*!40101 SET @OLD_CHARACTER_SET_RESULTS=@@CHARACTER_SET_RESULTS */;
/*!40101 SET @OLD_COLLATION_CONNECTION=@@COLLATION_CONNECTION */;
/*!40101 SET NAMES utf8 */;

--
-- Database: `skripsi_twoh`
--

-- --------------------------------------------------------

--
-- Table structure for table `rs_admin`
--

CREATE TABLE IF NOT EXISTS `rs_admin` (
  `id_admin` int(3) NOT NULL AUTO_INCREMENT,
  `username` varchar(50) NOT NULL,
  `password` varchar(32) NOT NULL,
  `email` varchar(50) NOT NULL,
  PRIMARY KEY (`id_admin`)
) ENGINE=InnoDB  DEFAULT CHARSET=latin1 AUTO_INCREMENT=2 ;

--
-- Dumping data for table `rs_admin`
--

INSERT INTO `rs_admin` (`id_admin`, `username`, `password`, `email`) VALUES
(1, 'herdi', '5974cec1d689854c3a70b839a6d2d50d', 'hherdinaufal@gmail.com');

-- --------------------------------------------------------

--
-- Table structure for table `rs_histori_nilai`
--

CREATE TABLE IF NOT EXISTS `rs_histori_nilai` (
  `id_histori` int(6) NOT NULL AUTO_INCREMENT,
  `id_user` int(4) NOT NULL,
  `id_mk` int(3) NOT NULL,
  `rating` float NOT NULL,
  PRIMARY KEY (`id_histori`),
  KEY `id_user` (`id_user`),
  KEY `id_mk` (`id_mk`)
) ENGINE=InnoDB  DEFAULT CHARSET=latin1 AUTO_INCREMENT=1661 ;

--
-- Dumping data for table `rs_histori_nilai`
--

INSERT INTO `rs_histori_nilai` (`id_histori`, `id_user`, `id_mk`, `rating`) VALUES
(1, 30, 1, 5),
(2, 31, 1, 3),
(3, 31, 1, 5),
(4, 32, 1, 5),
(5, 33, 1, 4),
(6, 34, 1, 1),
(7, 35, 1, 5),
(8, 36, 1, 3),
(9, 37, 1, 4),
(10, 38, 1, 4),
(11, 39, 1, 5),
(12, 40, 1, 2),
(13, 40, 1, 4),
(14, 41, 1, 4),
(15, 42, 1, 4),
(16, 43, 1, 4),
(17, 44, 1, 5),
(18, 45, 1, 5),
(19, 46, 1, 4),
(20, 47, 1, 5),
(21, 48, 1, 4),
(22, 49, 1, 2),
(23, 50, 1, 2),
(24, 50, 1, 2),
(25, 50, 1, 4),
(26, 51, 1, 3),
(27, 52, 1, 5),
(28, 53, 1, 5),
(29, 54, 1, 4),
(30, 55, 1, 4),
(31, 56, 1, 4),
(32, 31, 2, 4),
(33, 32, 2, 4),
(34, 33, 2, 4),
(35, 36, 2, 4),
(36, 37, 2, 4),
(37, 38, 2, 4),
(38, 39, 2, 4),
(39, 40, 2, 4),
(40, 43, 2, 5),
(41, 44, 2, 4),
(42, 45, 2, 4),
(43, 46, 2, 5),
(44, 47, 2, 4),
(45, 48, 2, 4),
(46, 49, 2, 4),
(47, 50, 2, 4),
(48, 51, 2, 4),
(49, 52, 2, 4),
(50, 53, 2, 4),
(51, 54, 2, 4),
(52, 55, 2, 4),
(53, 56, 2, 4),
(54, 30, 3, 5),
(55, 31, 3, 5),
(56, 31, 3, 5),
(57, 32, 3, 5),
(58, 32, 3, 5),
(59, 33, 3, 5),
(60, 33, 3, 4),
(61, 34, 3, 1),
(62, 35, 3, 5),
(63, 36, 3, 4),
(64, 36, 3, 4),
(65, 37, 3, 4),
(66, 37, 3, 1),
(67, 37, 3, 4),
(68, 38, 3, 5),
(69, 38, 3, 5),
(70, 39, 3, 4),
(71, 39, 3, 4),
(72, 40, 3, 4),
(73, 40, 3, 4),
(74, 41, 3, 5),
(75, 42, 3, 4),
(76, 43, 3, 5),
(77, 43, 3, 5),
(78, 44, 3, 5),
(79, 44, 3, 4),
(80, 45, 3, 4),
(81, 45, 3, 4),
(82, 46, 3, 4),
(83, 46, 3, 5),
(84, 47, 3, 4),
(85, 47, 3, 4),
(86, 48, 3, 5),
(87, 48, 3, 4),
(88, 49, 3, 4),
(89, 49, 3, 4),
(90, 50, 3, 4),
(91, 50, 3, 3),
(92, 51, 3, 5),
(93, 51, 3, 5),
(94, 52, 3, 5),
(95, 52, 3, 4),
(96, 53, 3, 5),
(97, 53, 3, 4),
(98, 54, 3, 5),
(99, 54, 3, 5),
(100, 55, 3, 5),
(101, 55, 3, 5),
(102, 56, 3, 5),
(103, 56, 3, 4),
(104, 30, 4, 4),
(105, 31, 4, 4),
(106, 32, 4, 4),
(107, 33, 4, 4),
(108, 35, 4, 4),
(109, 36, 4, 4),
(110, 37, 4, 4),
(111, 38, 4, 5),
(112, 39, 4, 4),
(113, 40, 4, 4),
(114, 41, 4, 4),
(115, 42, 4, 4),
(116, 43, 4, 5),
(117, 44, 4, 4),
(118, 45, 4, 5),
(119, 46, 4, 5),
(120, 47, 4, 4),
(121, 48, 4, 4),
(122, 49, 4, 4),
(123, 50, 4, 4),
(124, 51, 4, 4),
(125, 52, 4, 4),
(126, 53, 4, 4),
(127, 54, 4, 4),
(128, 55, 4, 4),
(129, 56, 4, 4),
(130, 30, 5, 5),
(131, 31, 5, 4),
(132, 32, 5, 5),
(133, 33, 5, 4),
(134, 34, 5, 1),
(135, 35, 5, 4),
(136, 36, 5, 5),
(137, 37, 5, 4),
(138, 38, 5, 4),
(139, 39, 5, 4),
(140, 40, 5, 4),
(141, 41, 5, 4),
(142, 42, 5, 4),
(143, 43, 5, 5),
(144, 44, 5, 4),
(145, 45, 5, 5),
(146, 46, 5, 5),
(147, 47, 5, 5),
(148, 48, 5, 4),
(149, 49, 5, 4),
(150, 50, 5, 3),
(151, 51, 5, 5),
(152, 52, 5, 5),
(153, 53, 5, 5),
(154, 54, 5, 5),
(155, 55, 5, 5),
(156, 56, 5, 4),
(157, 30, 7, 4),
(158, 31, 7, 5),
(159, 32, 7, 4),
(160, 33, 7, 5),
(161, 34, 7, 1),
(162, 35, 7, 5),
(163, 36, 7, 4),
(164, 39, 7, 4),
(165, 40, 7, 4),
(166, 41, 7, 5),
(167, 42, 7, 4),
(168, 45, 7, 5),
(169, 46, 7, 4),
(170, 47, 7, 5),
(171, 48, 7, 5),
(172, 49, 7, 4),
(173, 50, 7, 1),
(174, 50, 7, 3),
(175, 51, 7, 4),
(176, 52, 7, 5),
(177, 53, 7, 5),
(178, 54, 7, 4),
(179, 56, 7, 5),
(180, 38, 10, 5),
(181, 43, 10, 5),
(182, 37, 11, 3),
(183, 44, 11, 5),
(184, 55, 11, 3),
(185, 30, 12, 4),
(186, 31, 12, 2),
(187, 31, 12, 5),
(188, 32, 12, 3),
(189, 33, 12, 3),
(190, 35, 12, 4),
(191, 36, 12, 2),
(192, 36, 12, 4),
(193, 37, 12, 1),
(194, 37, 12, 4),
(195, 38, 12, 3),
(196, 38, 12, 5),
(197, 39, 12, 4),
(198, 40, 12, 2),
(199, 40, 12, 3),
(200, 41, 12, 1),
(201, 42, 12, 4),
(202, 43, 12, 3),
(203, 44, 12, 4),
(204, 45, 12, 5),
(205, 46, 12, 4),
(206, 47, 12, 3),
(207, 48, 12, 5),
(208, 49, 12, 2),
(209, 49, 12, 4),
(210, 50, 12, 1),
(211, 50, 12, 2),
(212, 50, 12, 3),
(213, 51, 12, 3),
(214, 52, 12, 4),
(215, 53, 12, 5),
(216, 54, 12, 4),
(217, 55, 12, 5),
(218, 56, 12, 4),
(219, 57, 12, 1),
(220, 57, 12, 4),
(221, 58, 12, 3),
(222, 58, 12, 1),
(223, 59, 12, 3),
(224, 59, 12, 4),
(225, 60, 12, 5),
(226, 61, 12, 1),
(227, 61, 12, 1),
(228, 62, 12, 5),
(229, 63, 12, 3),
(230, 63, 12, 5),
(231, 64, 12, 3),
(232, 64, 12, 5),
(233, 65, 12, 3),
(234, 66, 12, 5),
(235, 67, 12, 1),
(236, 67, 12, 2),
(237, 68, 12, 4),
(238, 69, 12, 3),
(239, 69, 12, 5),
(240, 70, 12, 1),
(241, 70, 12, 1),
(242, 71, 12, 1),
(243, 71, 12, 4),
(244, 72, 12, 1),
(245, 72, 12, 1),
(246, 73, 12, 1),
(247, 73, 12, 3),
(248, 74, 12, 1),
(249, 74, 12, 1),
(250, 75, 12, 4),
(251, 76, 12, 1),
(252, 76, 12, 4),
(253, 77, 12, 3),
(254, 78, 12, 3),
(255, 79, 12, 4),
(256, 80, 12, 1),
(257, 81, 12, 1),
(258, 81, 12, 4),
(259, 82, 12, 1),
(260, 82, 12, 4),
(261, 83, 12, 3),
(262, 83, 12, 4),
(263, 84, 12, 4),
(264, 85, 12, 4),
(265, 86, 12, 3),
(266, 87, 12, 4),
(267, 88, 12, 3),
(268, 88, 12, 3),
(269, 89, 12, 4),
(270, 90, 12, 5),
(271, 91, 12, 4),
(272, 92, 12, 5),
(273, 30, 13, 5),
(274, 31, 13, 3),
(275, 31, 13, 4),
(276, 32, 13, 5),
(277, 33, 13, 5),
(278, 35, 13, 4),
(279, 36, 13, 3),
(280, 37, 13, 3),
(281, 37, 13, 4),
(282, 38, 13, 4),
(283, 39, 13, 5),
(284, 40, 13, 2),
(285, 40, 13, 5),
(286, 41, 13, 2),
(287, 42, 13, 3),
(288, 43, 13, 5),
(289, 44, 13, 5),
(290, 45, 13, 5),
(291, 46, 13, 4),
(292, 47, 13, 3),
(293, 47, 13, 5),
(294, 48, 13, 5),
(295, 49, 13, 3),
(296, 50, 13, 2),
(297, 50, 13, 3),
(298, 51, 13, 4),
(299, 52, 13, 5),
(300, 53, 13, 5),
(301, 54, 13, 4),
(302, 55, 13, 5),
(303, 56, 13, 4),
(304, 30, 14, 4),
(305, 31, 14, 3),
(306, 32, 14, 4),
(307, 33, 14, 3),
(308, 34, 14, 1),
(309, 35, 14, 4),
(310, 36, 14, 3),
(311, 37, 14, 3),
(312, 38, 14, 4),
(313, 39, 14, 3),
(314, 40, 14, 4),
(315, 41, 14, 4),
(316, 42, 14, 3),
(317, 43, 14, 4),
(318, 44, 14, 4),
(319, 45, 14, 5),
(320, 46, 14, 4),
(321, 47, 14, 4),
(322, 48, 14, 3),
(323, 49, 14, 4),
(324, 50, 14, 3),
(325, 51, 14, 3),
(326, 52, 14, 4),
(327, 53, 14, 4),
(328, 54, 14, 4),
(329, 55, 14, 4),
(330, 56, 14, 5),
(331, 57, 14, 3),
(332, 58, 14, 3),
(333, 59, 14, 4),
(334, 60, 14, 5),
(335, 61, 14, 3),
(336, 62, 14, 4),
(337, 63, 14, 4),
(338, 64, 14, 3),
(339, 65, 14, 4),
(340, 66, 14, 4),
(341, 67, 14, 3),
(342, 68, 14, 5),
(343, 69, 14, 5),
(344, 70, 14, 4),
(345, 71, 14, 4),
(346, 72, 14, 4),
(347, 73, 14, 4),
(348, 74, 14, 4),
(349, 75, 14, 4),
(350, 76, 14, 4),
(351, 77, 14, 4),
(352, 78, 14, 4),
(353, 79, 14, 5),
(354, 80, 14, 4),
(355, 81, 14, 4),
(356, 82, 14, 3),
(357, 83, 14, 4),
(358, 84, 14, 4),
(359, 85, 14, 5),
(360, 86, 14, 4),
(361, 87, 14, 4),
(362, 88, 14, 5),
(363, 89, 14, 5),
(364, 90, 14, 4),
(365, 91, 14, 4),
(366, 92, 14, 4),
(367, 31, 15, 4),
(368, 32, 15, 4),
(369, 33, 15, 4),
(370, 36, 15, 4),
(371, 37, 15, 1),
(372, 38, 15, 5),
(373, 39, 15, 5),
(374, 40, 15, 4),
(375, 43, 15, 5),
(376, 44, 15, 4),
(377, 45, 15, 4),
(378, 46, 15, 4),
(379, 47, 15, 4),
(380, 48, 15, 5),
(381, 49, 15, 4),
(382, 50, 15, 4),
(383, 51, 15, 5),
(384, 52, 15, 4),
(385, 53, 15, 4),
(386, 54, 15, 4),
(387, 55, 15, 5),
(388, 56, 15, 4),
(389, 30, 16, 4),
(390, 30, 16, 5),
(391, 31, 16, 4),
(392, 31, 16, 5),
(393, 32, 16, 4),
(394, 32, 16, 4),
(395, 33, 16, 4),
(396, 33, 16, 4),
(397, 34, 16, 1),
(398, 35, 16, 4),
(399, 35, 16, 4),
(400, 36, 16, 3),
(401, 36, 16, 3),
(402, 37, 16, 4),
(403, 37, 16, 4),
(404, 38, 16, 4),
(405, 38, 16, 4),
(406, 39, 16, 5),
(407, 39, 16, 4),
(408, 40, 16, 3),
(409, 40, 16, 4),
(410, 41, 16, 3),
(411, 41, 16, 3),
(412, 42, 16, 4),
(413, 42, 16, 4),
(414, 43, 16, 4),
(415, 43, 16, 4),
(416, 44, 16, 4),
(417, 44, 16, 4),
(418, 45, 16, 4),
(419, 45, 16, 5),
(420, 46, 16, 5),
(421, 46, 16, 4),
(422, 47, 16, 4),
(423, 47, 16, 4),
(424, 48, 16, 4),
(425, 48, 16, 5),
(426, 49, 16, 3),
(427, 49, 16, 4),
(428, 50, 16, 4),
(429, 50, 16, 5),
(430, 51, 16, 4),
(431, 51, 16, 5),
(432, 52, 16, 5),
(433, 52, 16, 4),
(434, 53, 16, 5),
(435, 53, 16, 5),
(436, 54, 16, 5),
(437, 54, 16, 5),
(438, 55, 16, 5),
(439, 55, 16, 5),
(440, 56, 16, 5),
(441, 56, 16, 4),
(442, 30, 17, 4),
(443, 31, 17, 3),
(444, 32, 17, 3),
(445, 33, 17, 4),
(446, 34, 17, 1),
(447, 35, 17, 5),
(448, 36, 17, 3),
(449, 37, 17, 3),
(450, 38, 17, 3),
(451, 39, 17, 4),
(452, 40, 17, 3),
(453, 41, 17, 3),
(454, 42, 17, 4),
(455, 43, 17, 4),
(456, 44, 17, 4),
(457, 45, 17, 4),
(458, 46, 17, 5),
(459, 47, 17, 4),
(460, 48, 17, 4),
(461, 49, 17, 3),
(462, 50, 17, 2),
(463, 51, 17, 3),
(464, 52, 17, 5),
(465, 53, 17, 5),
(466, 54, 17, 4),
(467, 55, 17, 5),
(468, 56, 17, 4),
(469, 31, 19, 1),
(470, 31, 19, 4),
(471, 32, 19, 2),
(472, 32, 19, 3),
(473, 33, 19, 2),
(474, 33, 19, 3),
(475, 36, 19, 3),
(476, 36, 19, 4),
(477, 37, 19, 2),
(478, 37, 19, 2),
(479, 38, 19, 2),
(480, 38, 19, 4),
(481, 39, 19, 1),
(482, 39, 19, 3),
(483, 40, 19, 1),
(484, 40, 19, 5),
(485, 43, 19, 1),
(486, 43, 19, 4),
(487, 44, 19, 2),
(488, 44, 19, 5),
(489, 45, 19, 1),
(490, 45, 19, 5),
(491, 46, 19, 4),
(492, 47, 19, 3),
(493, 48, 19, 1),
(494, 48, 19, 5),
(495, 49, 19, 1),
(496, 49, 19, 5),
(497, 50, 19, 1),
(498, 50, 19, 3),
(499, 51, 19, 3),
(500, 52, 19, 2),
(501, 52, 19, 4),
(502, 53, 19, 1),
(503, 53, 19, 5),
(504, 54, 19, 2),
(505, 54, 19, 4),
(506, 55, 19, 4),
(507, 56, 19, 2),
(508, 56, 19, 4),
(509, 31, 20, 3),
(510, 32, 20, 4),
(511, 33, 20, 4),
(512, 36, 20, 3),
(513, 38, 20, 4),
(514, 39, 20, 3),
(515, 40, 20, 4),
(516, 43, 20, 5),
(517, 44, 20, 4),
(518, 45, 20, 4),
(519, 46, 20, 5),
(520, 47, 20, 5),
(521, 48, 20, 5),
(522, 49, 20, 1),
(523, 49, 20, 4),
(524, 50, 20, 2),
(525, 51, 20, 5),
(526, 52, 20, 4),
(527, 53, 20, 5),
(528, 54, 20, 4),
(529, 55, 20, 4),
(530, 56, 20, 3),
(531, 31, 22, 4),
(532, 32, 22, 5),
(533, 33, 22, 4),
(534, 36, 22, 3),
(535, 37, 22, 4),
(536, 38, 22, 4),
(537, 39, 22, 4),
(538, 40, 22, 4),
(539, 43, 22, 4),
(540, 44, 22, 4),
(541, 45, 22, 4),
(542, 46, 22, 4),
(543, 47, 22, 4),
(544, 48, 22, 5),
(545, 49, 22, 4),
(546, 50, 22, 3),
(547, 51, 22, 5),
(548, 52, 22, 4),
(549, 53, 22, 5),
(550, 54, 22, 5),
(551, 55, 22, 4),
(552, 56, 22, 4),
(553, 30, 23, 5),
(554, 31, 23, 2),
(555, 31, 23, 4),
(556, 32, 23, 4),
(557, 33, 23, 3),
(558, 36, 23, 4),
(559, 37, 23, 2),
(560, 37, 23, 2),
(561, 38, 23, 3),
(562, 38, 23, 4),
(563, 39, 23, 3),
(564, 39, 23, 3),
(565, 40, 23, 1),
(566, 40, 23, 3),
(567, 40, 23, 4),
(568, 43, 23, 3),
(569, 44, 23, 3),
(570, 44, 23, 4),
(571, 45, 23, 5),
(572, 46, 23, 4),
(573, 47, 23, 3),
(574, 47, 23, 3),
(575, 48, 23, 4),
(576, 49, 23, 3),
(577, 50, 23, 2),
(578, 50, 23, 4),
(579, 51, 23, 3),
(580, 52, 23, 4),
(581, 53, 23, 4),
(582, 54, 23, 4),
(583, 55, 23, 5),
(584, 56, 23, 3),
(585, 56, 23, 5),
(586, 31, 24, 1),
(587, 31, 24, 4),
(588, 32, 24, 4),
(589, 33, 24, 3),
(590, 36, 24, 3),
(591, 37, 24, 1),
(592, 37, 24, 1),
(593, 38, 24, 5),
(594, 39, 24, 3),
(595, 40, 24, 2),
(596, 43, 24, 3),
(597, 44, 24, 3),
(598, 45, 24, 4),
(599, 46, 24, 4),
(600, 47, 24, 5),
(601, 48, 24, 3),
(602, 49, 24, 1),
(603, 49, 24, 1),
(604, 49, 24, 3),
(605, 50, 24, 1),
(606, 50, 24, 1),
(607, 50, 24, 3),
(608, 51, 24, 3),
(609, 52, 24, 3),
(610, 53, 24, 5),
(611, 54, 24, 4),
(612, 55, 24, 4),
(613, 56, 24, 4),
(614, 58, 24, 1),
(615, 74, 24, 4),
(616, 80, 24, 4),
(617, 31, 25, 4),
(618, 32, 25, 3),
(619, 33, 25, 4),
(620, 36, 25, 3),
(621, 38, 25, 2),
(622, 38, 25, 5),
(623, 39, 25, 3),
(624, 40, 25, 4),
(625, 43, 25, 3),
(626, 44, 25, 4),
(627, 45, 25, 4),
(628, 46, 25, 4),
(629, 47, 25, 2),
(630, 47, 25, 3),
(631, 48, 25, 3),
(632, 49, 25, 4),
(633, 50, 25, 3),
(634, 51, 25, 4),
(635, 52, 25, 3),
(636, 53, 25, 4),
(637, 54, 25, 4),
(638, 55, 25, 4),
(639, 56, 25, 5),
(640, 57, 25, 3),
(641, 57, 25, 4),
(642, 58, 25, 2),
(643, 58, 25, 1),
(644, 59, 25, 3),
(645, 60, 25, 4),
(646, 61, 25, 1),
(647, 62, 25, 3),
(648, 63, 25, 4),
(649, 64, 25, 3),
(650, 65, 25, 3),
(651, 66, 25, 3),
(652, 67, 25, 2),
(653, 67, 25, 3),
(654, 68, 25, 5),
(655, 69, 25, 5),
(656, 70, 25, 2),
(657, 71, 25, 3),
(658, 71, 25, 3),
(659, 72, 25, 1),
(660, 73, 25, 2),
(661, 73, 25, 2),
(662, 74, 25, 1),
(663, 74, 25, 4),
(664, 75, 25, 3),
(665, 75, 25, 4),
(666, 76, 25, 3),
(667, 76, 25, 3),
(668, 76, 25, 3),
(669, 77, 25, 3),
(670, 78, 25, 4),
(671, 79, 25, 3),
(672, 80, 25, 3),
(673, 81, 25, 3),
(674, 82, 25, 2),
(675, 82, 25, 3),
(676, 83, 25, 3),
(677, 84, 25, 3),
(678, 85, 25, 4),
(679, 86, 25, 4),
(680, 87, 25, 4),
(681, 88, 25, 3),
(682, 89, 25, 3),
(683, 90, 25, 3),
(684, 91, 25, 3),
(685, 92, 25, 2),
(686, 92, 25, 4),
(687, 40, 26, 4),
(688, 31, 27, 4),
(689, 32, 27, 3),
(690, 33, 27, 4),
(691, 36, 27, 3),
(692, 37, 27, 1),
(693, 37, 27, 1),
(694, 38, 27, 3),
(695, 39, 27, 5),
(696, 40, 27, 4),
(697, 43, 27, 4),
(698, 44, 27, 4),
(699, 45, 27, 4),
(700, 46, 27, 4),
(701, 47, 27, 4),
(702, 48, 27, 4),
(703, 49, 27, 3),
(704, 50, 27, 1),
(705, 50, 27, 4),
(706, 51, 27, 5),
(707, 52, 27, 5),
(708, 53, 27, 4),
(709, 54, 27, 4),
(710, 55, 27, 5),
(711, 56, 27, 4),
(712, 31, 28, 3),
(713, 32, 28, 4),
(714, 33, 28, 4),
(715, 36, 28, 4),
(716, 37, 28, 4),
(717, 38, 28, 4),
(718, 39, 28, 4),
(719, 40, 28, 4),
(720, 43, 28, 5),
(721, 44, 28, 5),
(722, 45, 28, 5),
(723, 46, 28, 4),
(724, 47, 28, 4),
(725, 48, 28, 4),
(726, 49, 28, 4),
(727, 50, 28, 4),
(728, 51, 28, 5),
(729, 52, 28, 5),
(730, 53, 28, 4),
(731, 54, 28, 5),
(732, 55, 28, 4),
(733, 56, 28, 4),
(734, 31, 29, 4),
(735, 32, 29, 4),
(736, 33, 29, 5),
(737, 36, 29, 4),
(738, 37, 29, 1),
(739, 38, 29, 4),
(740, 39, 29, 5),
(741, 40, 29, 4),
(742, 43, 29, 4),
(743, 44, 29, 5),
(744, 45, 29, 4),
(745, 46, 29, 4),
(746, 47, 29, 3),
(747, 47, 29, 4),
(748, 48, 29, 5),
(749, 49, 29, 3),
(750, 50, 29, 3),
(751, 51, 29, 4),
(752, 52, 29, 4),
(753, 53, 29, 5),
(754, 54, 29, 5),
(755, 55, 29, 4),
(756, 56, 29, 5),
(757, 31, 30, 3),
(758, 32, 30, 4),
(759, 33, 30, 4),
(760, 36, 30, 1),
(761, 36, 30, 2),
(762, 37, 30, 1),
(763, 37, 30, 1),
(764, 38, 30, 3),
(765, 39, 30, 3),
(766, 40, 30, 3),
(767, 40, 30, 4),
(768, 43, 30, 5),
(769, 44, 30, 5),
(770, 45, 30, 4),
(771, 46, 30, 2),
(772, 46, 30, 4),
(773, 47, 30, 5),
(774, 48, 30, 3),
(775, 49, 30, 1),
(776, 49, 30, 1),
(777, 49, 30, 1),
(778, 49, 30, 1),
(779, 49, 30, 1),
(780, 50, 30, 1),
(781, 50, 30, 2),
(782, 51, 30, 5),
(783, 52, 30, 5),
(784, 53, 30, 5),
(785, 54, 30, 5),
(786, 55, 30, 4),
(787, 56, 30, 5),
(788, 31, 31, 3),
(789, 31, 31, 5),
(790, 32, 31, 4),
(791, 33, 31, 4),
(792, 36, 31, 4),
(793, 37, 31, 3),
(794, 38, 31, 3),
(795, 39, 31, 4),
(796, 40, 31, 3),
(797, 40, 31, 3),
(798, 43, 31, 5),
(799, 44, 31, 5),
(800, 45, 31, 3),
(801, 46, 31, 4),
(802, 47, 31, 3),
(803, 47, 31, 4),
(804, 48, 31, 4),
(805, 49, 31, 3),
(806, 50, 31, 2),
(807, 51, 31, 5),
(808, 52, 31, 5),
(809, 53, 31, 3),
(810, 54, 31, 5),
(811, 55, 31, 5),
(812, 56, 31, 4),
(813, 31, 32, 3),
(814, 32, 32, 5),
(815, 33, 32, 4),
(816, 36, 32, 4),
(817, 37, 32, 3),
(818, 38, 32, 4),
(819, 39, 32, 3),
(820, 40, 32, 3),
(821, 40, 32, 3),
(822, 43, 32, 4),
(823, 44, 32, 4),
(824, 45, 32, 4),
(825, 46, 32, 3),
(826, 47, 32, 4),
(827, 48, 32, 5),
(828, 49, 32, 2),
(829, 50, 32, 3),
(830, 51, 32, 4),
(831, 52, 32, 4),
(832, 53, 32, 4),
(833, 54, 32, 5),
(834, 55, 32, 5),
(835, 56, 32, 5),
(836, 57, 32, 4),
(837, 58, 32, 1),
(838, 59, 32, 4),
(839, 60, 32, 5),
(840, 62, 32, 4),
(841, 63, 32, 5),
(842, 64, 32, 5),
(843, 66, 32, 4),
(844, 67, 32, 5),
(845, 68, 32, 5),
(846, 69, 32, 4),
(847, 70, 32, 1),
(848, 71, 32, 4),
(849, 73, 32, 4),
(850, 74, 32, 5),
(851, 75, 32, 5),
(852, 76, 32, 4),
(853, 77, 32, 5),
(854, 78, 32, 5),
(855, 79, 32, 5),
(856, 80, 32, 3),
(857, 81, 32, 4),
(858, 82, 32, 4),
(859, 84, 32, 5),
(860, 85, 32, 5),
(861, 86, 32, 5),
(862, 87, 32, 5),
(863, 88, 32, 5),
(864, 89, 32, 4),
(865, 90, 32, 4),
(866, 91, 32, 4),
(867, 92, 32, 4),
(868, 31, 33, 3),
(869, 31, 33, 3),
(870, 32, 33, 3),
(871, 32, 33, 5),
(872, 33, 33, 3),
(873, 33, 33, 3),
(874, 33, 33, 4),
(875, 36, 33, 3),
(876, 36, 33, 3),
(877, 37, 33, 2),
(878, 38, 33, 3),
(879, 38, 33, 3),
(880, 39, 33, 4),
(881, 39, 33, 4),
(882, 40, 33, 2),
(883, 40, 33, 3),
(884, 43, 33, 5),
(885, 43, 33, 5),
(886, 44, 33, 4),
(887, 44, 33, 5),
(888, 45, 33, 5),
(889, 45, 33, 4),
(890, 46, 33, 5),
(891, 46, 33, 5),
(892, 47, 33, 3),
(893, 47, 33, 3),
(894, 47, 33, 4),
(895, 48, 33, 3),
(896, 48, 33, 5),
(897, 49, 33, 3),
(898, 49, 33, 1),
(899, 49, 33, 1),
(900, 49, 33, 1),
(901, 50, 33, 3),
(902, 50, 33, 1),
(903, 50, 33, 3),
(904, 51, 33, 4),
(905, 51, 33, 5),
(906, 52, 33, 4),
(907, 52, 33, 5),
(908, 53, 33, 4),
(909, 53, 33, 4),
(910, 54, 33, 4),
(911, 54, 33, 3),
(912, 55, 33, 4),
(913, 55, 33, 5),
(914, 56, 33, 4),
(915, 56, 33, 3),
(916, 57, 33, 4),
(917, 58, 33, 2),
(918, 58, 33, 4),
(919, 59, 33, 3),
(920, 59, 33, 4),
(921, 60, 33, 4),
(922, 61, 33, 1),
(923, 62, 33, 5),
(924, 63, 33, 3),
(925, 64, 33, 4),
(926, 65, 33, 4),
(927, 66, 33, 3),
(928, 66, 33, 4),
(929, 67, 33, 3),
(930, 68, 33, 4),
(931, 69, 33, 4),
(932, 70, 33, 2),
(933, 71, 33, 3),
(934, 71, 33, 2),
(935, 71, 33, 4),
(936, 72, 33, 2),
(937, 73, 33, 3),
(938, 73, 33, 5),
(939, 74, 33, 3),
(940, 74, 33, 3),
(941, 75, 33, 3),
(942, 75, 33, 3),
(943, 76, 33, 3),
(944, 76, 33, 3),
(945, 77, 33, 4),
(946, 78, 33, 3),
(947, 79, 33, 5),
(948, 80, 33, 3),
(949, 81, 33, 3),
(950, 82, 33, 3),
(951, 82, 33, 3),
(952, 83, 33, 2),
(953, 84, 33, 3),
(954, 84, 33, 3),
(955, 85, 33, 5),
(956, 86, 33, 4),
(957, 87, 33, 4),
(958, 88, 33, 5),
(959, 89, 33, 4),
(960, 90, 33, 3),
(961, 90, 33, 2),
(962, 91, 33, 4),
(963, 92, 33, 2),
(964, 92, 33, 4),
(965, 31, 34, 5),
(966, 32, 34, 4),
(967, 33, 34, 3),
(968, 36, 34, 5),
(969, 37, 34, 3),
(970, 38, 34, 3),
(971, 39, 34, 3),
(972, 40, 34, 4),
(973, 43, 34, 5),
(974, 44, 34, 5),
(975, 45, 34, 5),
(976, 46, 34, 5),
(977, 47, 34, 3),
(978, 47, 34, 4),
(979, 48, 34, 5),
(980, 49, 34, 4),
(981, 50, 34, 4),
(982, 51, 34, 5),
(983, 52, 34, 5),
(984, 53, 34, 4),
(985, 54, 34, 4),
(986, 55, 34, 5),
(987, 56, 34, 4),
(988, 31, 35, 4),
(989, 32, 35, 4),
(990, 33, 35, 4),
(991, 36, 35, 4),
(992, 37, 35, 4),
(993, 38, 35, 4),
(994, 39, 35, 4),
(995, 40, 35, 4),
(996, 43, 35, 4),
(997, 44, 35, 4),
(998, 45, 35, 4),
(999, 46, 35, 5),
(1000, 47, 35, 4),
(1001, 48, 35, 4),
(1002, 49, 35, 4),
(1003, 50, 35, 4),
(1004, 51, 35, 5),
(1005, 52, 35, 4),
(1006, 53, 35, 4),
(1007, 54, 35, 4),
(1008, 55, 35, 4),
(1009, 56, 35, 4),
(1010, 31, 36, 4),
(1011, 32, 36, 4),
(1012, 33, 36, 3),
(1013, 36, 36, 5),
(1014, 38, 36, 3),
(1015, 39, 36, 3),
(1016, 40, 36, 3),
(1017, 43, 36, 3),
(1018, 44, 36, 4),
(1019, 45, 36, 4),
(1020, 46, 36, 4),
(1021, 47, 36, 3),
(1022, 47, 36, 4),
(1023, 48, 36, 4),
(1024, 49, 36, 4),
(1025, 50, 36, 3),
(1026, 51, 36, 4),
(1027, 52, 36, 4),
(1028, 53, 36, 4),
(1029, 54, 36, 3),
(1030, 54, 36, 5),
(1031, 55, 36, 5),
(1032, 56, 36, 4),
(1033, 57, 36, 3),
(1034, 58, 36, 2),
(1035, 59, 36, 3),
(1036, 60, 36, 4),
(1037, 62, 36, 4),
(1038, 63, 36, 4),
(1039, 64, 36, 3),
(1040, 66, 36, 4),
(1041, 67, 36, 3),
(1042, 68, 36, 4),
(1043, 69, 36, 3),
(1044, 71, 36, 3),
(1045, 73, 36, 4),
(1046, 74, 36, 5),
(1047, 75, 36, 4),
(1048, 76, 36, 5),
(1049, 77, 36, 4),
(1050, 78, 36, 4),
(1051, 79, 36, 5),
(1052, 80, 36, 3),
(1053, 81, 36, 3),
(1054, 82, 36, 3),
(1055, 82, 36, 4),
(1056, 84, 36, 3),
(1057, 85, 36, 4),
(1058, 86, 36, 4),
(1059, 87, 36, 4),
(1060, 88, 36, 4),
(1061, 89, 36, 4),
(1062, 90, 36, 3),
(1063, 91, 36, 3),
(1064, 92, 36, 4),
(1065, 31, 37, 5),
(1066, 32, 37, 4),
(1067, 33, 37, 4),
(1068, 36, 37, 4),
(1069, 38, 37, 4),
(1070, 39, 37, 2),
(1071, 39, 37, 5),
(1072, 40, 37, 5),
(1073, 43, 37, 4),
(1074, 44, 37, 5),
(1075, 45, 37, 5),
(1076, 46, 37, 5),
(1077, 47, 37, 5),
(1078, 48, 37, 4),
(1079, 49, 37, 2),
(1080, 50, 37, 1),
(1081, 50, 37, 1),
(1082, 50, 37, 5),
(1083, 51, 37, 5),
(1084, 52, 37, 5),
(1085, 53, 37, 5),
(1086, 54, 37, 5),
(1087, 55, 37, 3),
(1088, 56, 37, 5),
(1089, 57, 37, 3),
(1090, 58, 37, 2),
(1091, 59, 37, 4),
(1092, 60, 37, 4),
(1093, 61, 37, 1),
(1094, 62, 37, 4),
(1095, 63, 37, 4),
(1096, 64, 37, 3),
(1097, 65, 37, 3),
(1098, 66, 37, 4),
(1099, 67, 37, 2),
(1100, 67, 37, 3),
(1101, 68, 37, 4),
(1102, 69, 37, 3),
(1103, 70, 37, 1),
(1104, 71, 37, 4),
(1105, 72, 37, 1),
(1106, 73, 37, 3),
(1107, 74, 37, 2),
(1108, 74, 37, 5),
(1109, 75, 37, 3),
(1110, 76, 37, 3),
(1111, 77, 37, 4),
(1112, 78, 37, 4),
(1113, 79, 37, 4),
(1114, 80, 37, 4),
(1115, 81, 37, 4),
(1116, 82, 37, 3),
(1117, 83, 37, 3),
(1118, 84, 37, 4),
(1119, 85, 37, 5),
(1120, 86, 37, 4),
(1121, 87, 37, 4),
(1122, 88, 37, 4),
(1123, 89, 37, 4),
(1124, 90, 37, 4),
(1125, 91, 37, 3),
(1126, 92, 37, 4),
(1127, 31, 38, 2),
(1128, 31, 38, 4),
(1129, 32, 38, 3),
(1130, 33, 38, 5),
(1131, 36, 38, 4),
(1132, 37, 38, 1),
(1133, 38, 38, 3),
(1134, 39, 38, 5),
(1135, 40, 38, 4),
(1136, 43, 38, 4),
(1137, 44, 38, 4),
(1138, 45, 38, 5),
(1139, 46, 38, 5),
(1140, 47, 38, 4),
(1141, 48, 38, 5),
(1142, 49, 38, 4),
(1143, 50, 38, 1),
(1144, 50, 38, 3),
(1145, 51, 38, 4),
(1146, 52, 38, 5),
(1147, 53, 38, 4),
(1148, 54, 38, 4),
(1149, 55, 38, 4),
(1150, 56, 38, 4),
(1151, 57, 38, 4),
(1152, 58, 38, 4),
(1153, 59, 38, 4),
(1154, 60, 38, 4),
(1155, 61, 38, 2),
(1156, 62, 38, 5),
(1157, 63, 38, 5),
(1158, 64, 38, 4),
(1159, 65, 38, 4),
(1160, 66, 38, 4),
(1161, 67, 38, 4),
(1162, 68, 38, 5),
(1163, 69, 38, 5),
(1164, 70, 38, 1),
(1165, 71, 38, 4),
(1166, 72, 38, 2),
(1167, 73, 38, 3),
(1168, 73, 38, 4),
(1169, 74, 38, 4),
(1170, 75, 38, 4),
(1171, 76, 38, 4),
(1172, 77, 38, 4),
(1173, 78, 38, 5),
(1174, 79, 38, 4),
(1175, 80, 38, 2),
(1176, 80, 38, 4),
(1177, 81, 38, 4),
(1178, 82, 38, 5),
(1179, 83, 38, 4),
(1180, 84, 38, 4),
(1181, 85, 38, 5),
(1182, 86, 38, 4),
(1183, 87, 38, 5),
(1184, 88, 38, 4),
(1185, 89, 38, 4),
(1186, 90, 38, 4),
(1187, 91, 38, 5),
(1188, 92, 38, 5),
(1189, 31, 39, 4),
(1190, 32, 39, 5),
(1191, 33, 39, 4),
(1192, 36, 39, 4),
(1193, 38, 39, 4),
(1194, 39, 39, 4),
(1195, 40, 39, 4),
(1196, 43, 39, 3),
(1197, 44, 39, 3),
(1198, 45, 39, 5),
(1199, 46, 39, 5),
(1200, 47, 39, 3),
(1201, 48, 39, 5),
(1202, 49, 39, 4),
(1203, 50, 39, 3),
(1204, 51, 39, 4),
(1205, 52, 39, 4),
(1206, 53, 39, 5),
(1207, 54, 39, 4),
(1208, 55, 39, 3),
(1209, 56, 39, 5),
(1210, 57, 39, 4),
(1211, 58, 39, 2),
(1212, 59, 39, 4),
(1213, 60, 39, 5),
(1214, 61, 39, 1),
(1215, 62, 39, 5),
(1216, 63, 39, 4),
(1217, 64, 39, 4),
(1218, 65, 39, 4),
(1219, 66, 39, 4),
(1220, 67, 39, 3),
(1221, 68, 39, 5),
(1222, 69, 39, 5),
(1223, 70, 39, 1),
(1224, 71, 39, 4),
(1225, 72, 39, 1),
(1226, 73, 39, 3),
(1227, 73, 39, 4),
(1228, 74, 39, 2),
(1229, 75, 39, 4),
(1230, 76, 39, 5),
(1231, 77, 39, 5),
(1232, 78, 39, 5),
(1233, 79, 39, 4),
(1234, 80, 39, 3),
(1235, 80, 39, 3),
(1236, 81, 39, 4),
(1237, 82, 39, 5),
(1238, 83, 39, 1),
(1239, 84, 39, 4),
(1240, 85, 39, 5),
(1241, 86, 39, 5),
(1242, 87, 39, 5),
(1243, 88, 39, 4),
(1244, 89, 39, 5),
(1245, 90, 39, 5),
(1246, 91, 39, 4),
(1247, 92, 39, 4),
(1248, 31, 40, 5),
(1249, 32, 40, 4),
(1250, 33, 40, 4),
(1251, 36, 40, 3),
(1252, 37, 40, 1),
(1253, 38, 40, 4),
(1254, 39, 40, 5),
(1255, 40, 40, 3),
(1256, 40, 40, 5),
(1257, 43, 40, 5),
(1258, 44, 40, 5),
(1259, 45, 40, 5),
(1260, 46, 40, 4),
(1261, 47, 40, 4),
(1262, 48, 40, 5),
(1263, 49, 40, 3),
(1264, 50, 40, 3),
(1265, 51, 40, 4),
(1266, 52, 40, 5),
(1267, 53, 40, 5),
(1268, 54, 40, 5),
(1269, 55, 40, 5),
(1270, 56, 40, 5),
(1271, 31, 41, 4),
(1272, 32, 41, 5),
(1273, 33, 41, 5),
(1274, 36, 41, 3),
(1275, 37, 41, 1),
(1276, 38, 41, 3),
(1277, 39, 41, 4),
(1278, 40, 41, 4),
(1279, 43, 41, 4),
(1280, 44, 41, 5),
(1281, 45, 41, 3),
(1282, 46, 41, 3),
(1283, 47, 41, 3),
(1284, 47, 41, 3),
(1285, 48, 41, 3),
(1286, 49, 41, 1),
(1287, 49, 41, 1),
(1288, 50, 41, 1),
(1289, 50, 41, 3),
(1290, 51, 41, 5),
(1291, 52, 41, 4),
(1292, 53, 41, 4),
(1293, 54, 41, 4),
(1294, 55, 41, 3),
(1295, 56, 41, 5),
(1296, 66, 41, 4),
(1297, 73, 41, 5),
(1298, 74, 41, 4),
(1299, 31, 42, 3),
(1300, 32, 42, 4),
(1301, 33, 42, 4),
(1302, 36, 42, 4),
(1303, 37, 42, 3),
(1304, 38, 42, 4),
(1305, 39, 42, 3),
(1306, 40, 42, 4),
(1307, 43, 42, 4),
(1308, 44, 42, 4),
(1309, 45, 42, 4),
(1310, 46, 42, 4),
(1311, 47, 42, 4),
(1312, 48, 42, 4),
(1313, 49, 42, 5),
(1314, 50, 42, 2),
(1315, 51, 42, 5),
(1316, 52, 42, 5),
(1317, 53, 42, 5),
(1318, 54, 42, 4),
(1319, 55, 42, 5),
(1320, 56, 42, 4),
(1321, 31, 43, 5),
(1322, 32, 43, 5),
(1323, 33, 43, 5),
(1324, 36, 43, 5),
(1325, 38, 43, 5),
(1326, 39, 43, 5),
(1327, 40, 43, 5),
(1328, 43, 43, 4),
(1329, 44, 43, 5),
(1330, 45, 43, 4),
(1331, 46, 43, 4),
(1332, 47, 43, 4),
(1333, 48, 43, 5),
(1334, 49, 43, 1),
(1335, 49, 43, 4),
(1336, 50, 43, 5),
(1337, 51, 43, 5),
(1338, 52, 43, 5),
(1339, 53, 43, 4),
(1340, 54, 43, 4),
(1341, 55, 43, 4),
(1342, 56, 43, 4),
(1343, 31, 44, 3),
(1344, 31, 44, 3),
(1345, 31, 44, 4),
(1346, 32, 44, 4),
(1347, 33, 44, 3),
(1348, 36, 44, 2),
(1349, 36, 44, 3),
(1350, 38, 44, 4),
(1351, 39, 44, 4),
(1352, 40, 44, 4),
(1353, 43, 44, 4),
(1354, 44, 44, 5),
(1355, 45, 44, 4),
(1356, 46, 44, 5),
(1357, 47, 44, 4),
(1358, 48, 44, 4),
(1359, 49, 44, 1),
(1360, 49, 44, 1),
(1361, 50, 44, 3),
(1362, 51, 44, 5),
(1363, 52, 44, 5),
(1364, 53, 44, 4),
(1365, 54, 44, 4),
(1366, 55, 44, 4),
(1367, 56, 44, 4),
(1368, 57, 44, 4),
(1369, 58, 44, 4),
(1370, 59, 44, 4),
(1371, 60, 44, 4),
(1372, 61, 44, 3),
(1373, 62, 44, 3),
(1374, 63, 44, 4),
(1375, 64, 44, 3),
(1376, 64, 44, 4),
(1377, 65, 44, 3),
(1378, 66, 44, 4),
(1379, 67, 44, 3),
(1380, 68, 44, 4),
(1381, 69, 44, 4),
(1382, 70, 44, 4),
(1383, 71, 44, 3),
(1384, 72, 44, 3),
(1385, 73, 44, 3),
(1386, 73, 44, 4),
(1387, 74, 44, 3),
(1388, 75, 44, 3),
(1389, 75, 44, 4),
(1390, 76, 44, 4),
(1391, 77, 44, 3),
(1392, 77, 44, 5),
(1393, 78, 44, 4),
(1394, 79, 44, 4),
(1395, 80, 44, 4),
(1396, 81, 44, 4),
(1397, 82, 44, 3),
(1398, 82, 44, 4),
(1399, 83, 44, 2),
(1400, 84, 44, 3),
(1401, 84, 44, 4),
(1402, 85, 44, 4),
(1403, 86, 44, 4),
(1404, 87, 44, 4),
(1405, 88, 44, 3),
(1406, 88, 44, 3),
(1407, 89, 44, 4),
(1408, 90, 44, 3),
(1409, 90, 44, 4),
(1410, 91, 44, 4),
(1411, 92, 44, 4),
(1412, 31, 45, 1),
(1413, 31, 45, 4),
(1414, 32, 45, 5),
(1415, 33, 45, 2),
(1416, 33, 45, 4),
(1417, 36, 45, 4),
(1418, 38, 45, 5),
(1419, 39, 45, 5),
(1420, 40, 45, 5),
(1421, 43, 45, 5),
(1422, 44, 45, 4),
(1423, 44, 45, 5),
(1424, 45, 45, 5),
(1425, 46, 45, 4),
(1426, 47, 45, 1),
(1427, 47, 45, 5),
(1428, 48, 45, 5),
(1429, 49, 45, 1),
(1430, 49, 45, 1),
(1431, 50, 45, 4),
(1432, 51, 45, 1),
(1433, 51, 45, 5),
(1434, 52, 45, 1),
(1435, 52, 45, 4),
(1436, 53, 45, 1),
(1437, 53, 45, 5),
(1438, 54, 45, 4),
(1439, 54, 45, 5),
(1440, 55, 45, 1),
(1441, 55, 45, 5),
(1442, 56, 45, 4),
(1443, 57, 45, 5),
(1444, 59, 45, 4),
(1445, 60, 45, 4),
(1446, 62, 45, 5),
(1447, 63, 45, 4),
(1448, 63, 45, 4),
(1449, 64, 45, 1),
(1450, 64, 45, 4),
(1451, 65, 45, 1),
(1452, 66, 45, 1),
(1453, 66, 45, 5),
(1454, 67, 45, 1),
(1455, 67, 45, 4),
(1456, 68, 45, 5),
(1457, 69, 45, 1),
(1458, 69, 45, 1),
(1459, 69, 45, 4),
(1460, 70, 45, 1),
(1461, 71, 45, 1),
(1462, 71, 45, 1),
(1463, 71, 45, 4),
(1464, 73, 45, 5),
(1465, 74, 45, 5),
(1466, 75, 45, 1),
(1467, 75, 45, 5),
(1468, 76, 45, 1),
(1469, 76, 45, 5),
(1470, 77, 45, 5),
(1471, 78, 45, 1),
(1472, 78, 45, 4),
(1473, 79, 45, 1),
(1474, 79, 45, 5),
(1475, 80, 45, 1),
(1476, 80, 45, 5),
(1477, 81, 45, 1),
(1478, 81, 45, 5),
(1479, 82, 45, 1),
(1480, 82, 45, 1),
(1481, 82, 45, 5),
(1482, 84, 45, 1),
(1483, 84, 45, 4),
(1484, 85, 45, 1),
(1485, 85, 45, 5),
(1486, 86, 45, 5),
(1487, 87, 45, 5),
(1488, 88, 45, 5),
(1489, 89, 45, 1),
(1490, 89, 45, 4),
(1491, 90, 45, 1),
(1492, 90, 45, 4),
(1493, 91, 45, 1),
(1494, 91, 45, 1),
(1495, 91, 45, 4),
(1496, 92, 45, 1),
(1497, 92, 45, 5),
(1498, 31, 46, 4),
(1499, 32, 46, 5),
(1500, 33, 46, 4),
(1501, 36, 46, 4),
(1502, 38, 46, 4),
(1503, 39, 46, 5),
(1504, 40, 46, 5),
(1505, 43, 46, 5),
(1506, 44, 46, 4),
(1507, 45, 46, 5),
(1508, 46, 46, 4),
(1509, 47, 46, 4),
(1510, 48, 46, 5),
(1511, 50, 46, 1),
(1512, 51, 46, 5),
(1513, 52, 46, 5),
(1514, 53, 46, 5),
(1515, 54, 46, 5),
(1516, 55, 46, 4),
(1517, 56, 46, 4),
(1518, 31, 47, 5),
(1519, 32, 47, 5),
(1520, 33, 47, 5),
(1521, 36, 47, 5),
(1522, 38, 47, 5),
(1523, 39, 47, 5),
(1524, 40, 47, 5),
(1525, 43, 47, 5),
(1526, 44, 47, 5),
(1527, 45, 47, 5),
(1528, 46, 47, 5),
(1529, 47, 47, 1),
(1530, 47, 47, 5),
(1531, 48, 47, 5),
(1532, 49, 47, 5),
(1533, 50, 47, 1),
(1534, 51, 47, 5),
(1535, 52, 47, 5),
(1536, 53, 47, 5),
(1537, 54, 47, 5),
(1538, 55, 47, 5),
(1539, 56, 47, 5),
(1540, 31, 48, 1),
(1541, 31, 48, 1),
(1542, 32, 48, 1),
(1543, 32, 48, 4),
(1544, 33, 48, 5),
(1545, 36, 48, 1),
(1546, 36, 48, 1),
(1547, 36, 48, 4),
(1548, 38, 48, 4),
(1549, 38, 48, 1),
(1550, 39, 48, 5),
(1551, 39, 48, 1),
(1552, 40, 48, 1),
(1553, 40, 48, 5),
(1554, 43, 48, 5),
(1555, 43, 48, 1),
(1556, 44, 48, 1),
(1557, 44, 48, 5),
(1558, 45, 48, 4),
(1559, 46, 48, 4),
(1560, 46, 48, 1),
(1561, 47, 48, 1),
(1562, 47, 48, 5),
(1563, 48, 48, 4),
(1564, 50, 48, 1),
(1565, 51, 48, 1),
(1566, 51, 48, 1),
(1567, 51, 48, 1),
(1568, 52, 48, 1),
(1569, 52, 48, 3),
(1570, 52, 48, 3),
(1571, 53, 48, 1),
(1572, 53, 48, 5),
(1573, 54, 48, 1),
(1574, 54, 48, 5),
(1575, 55, 48, 5),
(1576, 56, 48, 5),
(1577, 57, 48, 4),
(1578, 59, 48, 1),
(1579, 59, 48, 5),
(1580, 60, 48, 1),
(1581, 60, 48, 4),
(1582, 62, 48, 1),
(1583, 62, 48, 4),
(1584, 63, 48, 1),
(1585, 63, 48, 1),
(1586, 63, 48, 4),
(1587, 64, 48, 1),
(1588, 64, 48, 1),
(1589, 64, 48, 3),
(1590, 66, 48, 1),
(1591, 66, 48, 1),
(1592, 66, 48, 3),
(1593, 67, 48, 1),
(1594, 67, 48, 1),
(1595, 67, 48, 3),
(1596, 68, 48, 4),
(1597, 69, 48, 1),
(1598, 69, 48, 1),
(1599, 69, 48, 5),
(1600, 71, 48, 1),
(1601, 71, 48, 1),
(1602, 71, 48, 3),
(1603, 73, 48, 5),
(1604, 74, 48, 5),
(1605, 75, 48, 5),
(1606, 76, 48, 1),
(1607, 77, 48, 5),
(1608, 78, 48, 4),
(1609, 79, 48, 4),
(1610, 80, 48, 1),
(1611, 80, 48, 1),
(1612, 80, 48, 4),
(1613, 81, 48, 5),
(1614, 82, 48, 1),
(1615, 82, 48, 1),
(1616, 82, 48, 4),
(1617, 84, 48, 1),
(1618, 84, 48, 1),
(1619, 84, 48, 3),
(1620, 85, 48, 5),
(1621, 86, 48, 1),
(1622, 86, 48, 5),
(1623, 87, 48, 5),
(1624, 88, 48, 4),
(1625, 89, 48, 1),
(1626, 89, 48, 4),
(1627, 90, 48, 1),
(1628, 90, 48, 5),
(1629, 91, 48, 1),
(1630, 91, 48, 1),
(1631, 91, 48, 3),
(1632, 92, 48, 4),
(1633, 30, 49, 3),
(1634, 31, 49, 3),
(1635, 32, 49, 3),
(1636, 33, 49, 4),
(1637, 35, 49, 2),
(1638, 36, 49, 4),
(1639, 37, 49, 3),
(1640, 38, 49, 3),
(1641, 39, 49, 3),
(1642, 40, 49, 4),
(1643, 41, 49, 3),
(1644, 42, 49, 3),
(1645, 43, 49, 4),
(1646, 44, 49, 4),
(1647, 45, 49, 4),
(1648, 46, 49, 5),
(1649, 47, 49, 3),
(1650, 47, 49, 3),
(1651, 48, 49, 4),
(1652, 49, 49, 4),
(1653, 50, 49, 4),
(1654, 51, 49, 4),
(1655, 52, 49, 3),
(1656, 52, 49, 4),
(1657, 53, 49, 4),
(1658, 54, 49, 4),
(1659, 55, 49, 5),
(1660, 56, 49, 4);

-- --------------------------------------------------------

--
-- Table structure for table `rs_jurusan`
--

CREATE TABLE IF NOT EXISTS `rs_jurusan` (
  `jurusan` varchar(50) NOT NULL,
  PRIMARY KEY (`jurusan`)
) ENGINE=InnoDB DEFAULT CHARSET=latin1;

--
-- Dumping data for table `rs_jurusan`
--

INSERT INTO `rs_jurusan` (`jurusan`) VALUES
('S1 Teknik Informatika');

-- --------------------------------------------------------

--
-- Table structure for table `rs_matakuliah`
--

CREATE TABLE IF NOT EXISTS `rs_matakuliah` (
  `id_mk` int(4) NOT NULL AUTO_INCREMENT,
  `kode_mk` varchar(7) DEFAULT NULL,
  `nama_mk` varchar(75) NOT NULL,
  `sks` int(2) NOT NULL,
  `deskripsi` varchar(1400) NOT NULL,
  `kelompok_keahlian` varchar(4) NOT NULL,
  `jenis_mk` varchar(8) NOT NULL,
  PRIMARY KEY (`id_mk`)
) ENGINE=InnoDB  DEFAULT CHARSET=latin1 AUTO_INCREMENT=4111 ;

--
-- Dumping data for table `rs_matakuliah`
--

INSERT INTO `rs_matakuliah` (`id_mk`, `kode_mk`, `nama_mk`, `sks`, `deskripsi`, `kelompok_keahlian`, `jenis_mk`) VALUES
(110, 'CS4573', 'Komputer Forensik', 3, 'computer forensics technology cyber crimes illegal activity evidence digital storage cryptography internet security operating system data collection data information retrieval data analysis data forensics', 'TELE', 'Pilihan'),
(210, 'CS4713', 'Rekayasa Aplikasi Internet', 3, 'web application html css javascript ajax php mysql web application framework website client programming server programming web service rest soap internet', 'ICM', 'Pilihan'),
(310, 'CS4383', 'Web Engineering', 3, 'introduction website javascript html html5 website engineering design patterns php performance rest scalability concurrency cloud application website performance internet network', 'SIDE', 'Pilihan'),
(410, 'IS4453', 'Audit Sistem Informasi', 3, 'information system audit computer risk computer ethics auditing assurance internal control information system computer assisted audit tools technologues data extraction data analysis information security risk management identifying risk assessing risk controlling risk', 'SIDE', 'Pilihan'),
(510, 'CS4343', 'Sistem Pendukung Pengambilan Keputusan', 3, 'decision support systems business intelligence expert systems database data warehouse online analytical processing network collaboration data modeling data analysis analytical tools website web technologies', 'SIDE', 'Pilihan'),
(910, 'CS4113', 'Topik Khusus ICM/SIDE/TELE', 3, 'special topics dynamic fundamental research contemporary research computing intelligence multimedia computing information system data engineering telematics network networking', 'ICM', 'Pilihan'),
(1010, 'CIG4A3', 'Machine Learning', 3, 'artificial intelligence machine intelligence machine learning supervised learning unsupervised learning reinforcement classification clustering system performance system optimization over fitting algorithm technique neural network bayes classifier naive bayes decision tree kohonen network self organization map k-means nearest neighbor q-learning', 'ICM', 'Pilihan'),
(1110, 'CIG4I3', 'Sistem Rekognisi', 3, 'recognition system computer vision object recognition human eye statistic syntactic semantic object descriptor feature extraction object properties data processing', 'ICM', 'Pilihan'),
(1210, 'CS4763', 'Soft Computing', 3, 'high machine intelligence quetient soft computing artificial intelligence imprecission tolerant uncertainty partial truth computation technique machine learning introduction computer intelligence', 'ICM', 'Pilihan'),
(1310, 'CS4123', 'Studi Terbimbing', 3, 'guidance study special course', 'ICM', 'Pilihan'),
(1410, 'CS4253', 'Sistem Kolaborasi', 3, 'introduction collaboration system information systems information facilitate virtual interaction content management storage audio video workflow control version management collaboration systems organization networking virtual meetings knowledge management', 'ICM', 'Pilihan'),
(1510, 'CS4303', 'Proyek RPL', 3, 'introduction software engineering project software system engineering managing people organizing team software requirements specification software planning software project management plan software proposal sofware costing activity planning resource allocation software contract software risk management software life cycle methodology project evaluation software documentation monitoring control software process improvement software change management software quality maintenance', 'SIDE', 'Pilihan'),
(1610, 'CS4313', 'Sistem Informasi Lanjut', 3, 'advanced information systems information system enterprise supply chain management enterprise resource planning customer relationship management planning tools management decision support systems intelligent systems information technology business organizations', 'SIDE', 'Pilihan'),
(1710, 'CS4323', 'Information Retrieval', 3, 'information system information system retrieval text based information retrieval index construction index compression vector space model term weighting similarity measure relevance feedback query expansion probabilistic information retrieval binary independence model okapi information retrieval system performance measure web crawling web searching website', 'ICM', 'Pilihan'),
(1810, 'CS4333', 'Data Mining', 3, 'basic data mining concept database tools technique algorithm data forecasting prediction knowledge discovery data selection data cleaning data coding machine learning on line analytical processing olap', 'SIDE', 'Pilihan'),
(1910, 'CS4353', 'Data Warehousing', 3, 'basic data warehousing concept database tools technique algorithm data transaction processing data analysis application data warehouse star schemas dimensional modeling query sql physical database design database tuning principles data mining implementation dashboard information', 'SIDE', 'Pilihan'),
(2010, 'CS4363', 'Perancangan Strategis Sistem Informasi', 3, 'aspects methodology framework process preparation strategic planning information systems organization company strategic management information systems strategic development tools frameworks related information systems strategic planning introduction information systems strategic planning basic management information systems organization strategic alignment information technology strategy regulation enterprise architecture goverment organization', 'SIDE', 'Pilihan'),
(2110, 'CS4373', 'Aplikasi Data Mining', 3, 'basic data mining concept database tools technique data mining application machine learning classification decision trees evaluation clustering associations knowledge discovery', 'SIDE', 'Pilihan'),
(2210, 'CS4393', 'E-Learning', 3, 'e-learning electronic learning e-learning design e-learning development project management instructional analysis strategies software selection evaluation interactive multimedia development application processes pronciples technology based teaching learning', 'SIDE', 'Pilihan'),
(2310, 'CS4563', 'QoS Networking', 3, 'quality service networking network advanced network performance telematics osi layer tcp ip internet protocol quality experience quality of perception quality data delivery', 'TELE', 'Pilihan'),
(2410, 'CS4583', 'Cluster Computing', 3, 'cluster computing cluster computer computing platform distributed computing hardware software parallel computing operating system computer organization architecture network distributed computing', 'TELE', 'Pilihan'),
(2510, 'CS4593', 'Embedded System', 3, 'embedded system concept application hardware software vhdl operating system telematics', 'TELE', 'Pilihan'),
(2610, 'CS4603', 'Jaringan Komputer Lanjut', 3, 'advanced computer network computer network computer networking multimedia networking text audio video 3gpp ims internet protocol multimedia subsystem ip gsm cdma ipv6 epc evolved packet core', 'TELE', 'Pilihan'),
(2710, 'CS4613', 'Sistem Waktu Nyata', 3, 'real-time systems characteristics real-time systems programming languages tools technical specifications design real-time systems real-time kernels inter-task synchronization communication real-time memory settings real-time database communication time real mechanical fault tolerance reliability evaluation technique operating system', 'TELE', 'Pilihan'),
(2810, 'CS4633', 'Keamanan Sistem', 3, 'security computer system intrusion detection system intrusion prevention system cryptography computer network network security', 'TELE', 'Pilihan'),
(2910, 'CS4643', 'Sistem Nirkabel', 3, 'wireless system wireless communication system high mobility low mobility telematics application wireless system computer network networking android ios operating system', 'TELE', 'Pilihan'),
(3010, 'CS4663', 'Komputasi Paralel', 3, 'parallel computation parallel computing operating system process distributed system processor interconnection parallel algorithm directed acyclic graph complexity measure communication telematics numerical algorithms matrix parallel computer architecture', 'TELE', 'Pilihan'),
(3110, 'CS4683', 'Disaster Recovery', 3, 'disaster recovery security planning emergency response operating system computer network telematics recovery time recovery point objectives risk analysis business planning organizational', 'TELE', 'Pilihan'),
(3210, 'CS4693', 'Protocol Engineering', 3, 'engineering communication protocols osi reference introduction engineering protocol protocol specification validation verification synthesis protocols protocol implementation testing dasara techniques informal method msc fsm cfsm petri net reachability analysis ccs csp standard specification language real time object oriented modeling conformance testing computer network telematics', 'TELE', 'Pilihan'),
(3310, 'CS4723', 'Kriptografi', 3, 'cryptography computer security system security network security public key private key cryptography method secret key digital signature hash function digital certificates telematics mathematics calculus matrix', 'TELE', 'Pilihan'),
(3410, 'CS4733', 'Teknik Kompilasi', 3, 'compiling techniques compilation techniques programming language compiler lexical analysis tokens regular expression parsing computation theory semantic analysis context free grammars predictive lr parsing stack frames intermediate code abstract syntax basic blocks tracces instruction selection algorithm intelligent computing', 'ICM', 'Pilihan'),
(3510, 'CS4753', 'Metode Formal', 3, 'formal methods software engineering information security modeling computing systems applications software hardware security logic induction recursion abstraction protocols mathematics logic ', 'ICM', 'Pilihan'),
(3610, 'CS4773', 'Evolutionary Computation', 3, 'evolutionary computation ec computing artificial intelligence genetic algorithms evolutionary algorithms algorithm machine learning soft computing modeling application data classification genetic programming searching autimate programming selection', 'ICM', 'Pilihan'),
(3710, 'CS4783', 'Game Programming', 3, 'develop specifications game engine design implement compile documentation demonstrate it stand-alone games mobile games networking games internet artificial intelligence games multimedia graphics computer vision sound programming game engineering software engineering', 'ICM', 'Pilihan'),
(3810, 'CS4793', 'Knowledge Management', 3, 'knowledge management information systems theory practice computer science business artificial intelligence  organization managing knowledge expert systems database data', 'SIDE', 'Pilihan'),
(3910, 'CS4823', 'Bahasa Pemrograman Tingkat Rendah', 3, 'low level programming language operating system telematics hardware software c programming languages unix assembly operating system services systems programming data instruction processor primitive operations computer architecture', 'ICM', 'Pilihan'),
(4010, 'CS4833', 'Analisis Numerik', 3, 'algorithms numerical mathematical analysis numerical analysis calculus linear algebra matrix matrices differential equations computer programming derivatives integral mathematics computation', 'ICM', 'Pilihan'),
(4110, 'SE4113', 'Advanced Software Engineering', 3, 'advanced software engineering software development advanced techniques software design software architecture database technology computing computational models data structures object-oriented object oriented distributed system internet parallel algorithm design algorithms', 'SIDE', 'Pilihan');

-- --------------------------------------------------------

--
-- Table structure for table `rs_mk_wajib`
--

CREATE TABLE IF NOT EXISTS `rs_mk_wajib` (
  `id_mk` int(3) NOT NULL AUTO_INCREMENT,
  `kode_mk` varchar(7) NOT NULL,
  `nama_mk` varchar(75) NOT NULL,
  `sks` int(2) NOT NULL,
  `deskripsi` varchar(1400) DEFAULT NULL,
  `kelompok_keahlian` varchar(4) DEFAULT NULL,
  PRIMARY KEY (`id_mk`)
) ENGINE=InnoDB  DEFAULT CHARSET=latin1 AUTO_INCREMENT=50 ;

--
-- Dumping data for table `rs_mk_wajib`
--

INSERT INTO `rs_mk_wajib` (`id_mk`, `kode_mk`, `nama_mk`, `sks`, `deskripsi`, `kelompok_keahlian`) VALUES
(1, 'MA1114', 'Kalkulus I', 4, 'basic concepts of calculus of the real number system functions limits and continuity derivatives and their use transcendental functions techniques of uncommon integral', NULL),
(2, 'CS1911', 'Praktikum Pemrograman Komputer', 1, 'pascal c programming practical introduction computer language', NULL),
(3, 'DU1312', 'Pengetahuan Lingkungan', 2, 'environment earth study pollution water deforestation eco knowledge', NULL),
(4, 'DU1113', 'Bahasa Indonesia', 3, 'Indonesian language logical effective speaking writing scientific', NULL),
(5, 'DU1132', 'Bahasa Inggris I', 2, 'english language writing speaking logical sentence paragraph grammar previewing predicting skimming scanning reading', NULL),
(6, 'CS1931', 'Praktikum Internet I', 1, 'introduction internet basic application search engine email website web practical', NULL),
(7, 'DU1013', 'Agama Islam', 3, 'god religion concept Islam apostolicy supernatural quran sunna ijtihad thoharoh prayer shaum', NULL),
(8, 'DU1023', 'Agama Kristen Protestan', 3, 'god religion christian concept', NULL),
(9, 'DU1033', 'Agama Katolik', 3, 'god religion catholic concept', NULL),
(10, 'DU1043', 'Agama Budha', 3, 'god religion buddha concept moral', NULL),
(11, 'DU1053', 'Agama Hindu', 3, 'god religion hindu concept moral', NULL),
(12, 'MA1223', 'Aljabar Linear', 3, 'basic matrix vector algebra matrix types operations determinants inverse matrices systems linear equations euclidean vector operations general vector spaces subspaces basis and dimension inner product spaces linear transformations linear transformations eigen space application transformation linear eigenspace', NULL),
(13, 'MA1124', 'Kalkulus II', 4, 'derivative concept integral function many variables sequences series differential equations vector functions functions two variables line integrals surface integrals', NULL),
(14, 'CS1013', 'Pengantar Teknik Informatika', 3, 'informatics introduction theory basic informatics technique computer science', NULL),
(15, 'DU1142', 'Bahasa Inggris II', 2, 'grammatical sentence patterns paragraph organization relating ideas unitycoherence reference substitution conjunction lexical manipulation interpreting data comparison revising editing', NULL),
(16, 'FI1103', 'Praktikum Fisika', 1, 'practicum laboratory to support complement theoretical knowledge fisika practicum practical lesson mechanics waves oscilloscope physics', NULL),
(17, 'FI1103', 'Fisika', 3, 'kinematics newton laws work energy momentum dynamics whirling motion motion oscillations waves symptoms wave properties interference diffraction polarization physics', NULL),
(18, 'CS1043', 'Internet dan Bisnis Telekomunikasi', 3, 'internet business telecommunication network computer ict internet history internet application world wide web website internet protocol', NULL),
(19, 'CS2014', 'Algoritma dan Struktur Data', 4, 'abstract data type ADT object collection linear data structure table matrix linear list stack queue tree', NULL),
(20, 'CS2163', 'Interaksi Manusia dan Komputer', 3, 'basic principle designing user interface interface design requirements analysis social impact organization communication collaboration models user experience ui ux', NULL),
(21, 'DU2113', 'Bahasa Inggris III', 3, 'english language presentation speaking listening presenting ideas public speaking', NULL),
(22, 'IE2213', 'Manajemen', 3, 'management technology business technique analysis swot monitoring technology transfer technology company enterprise quality assessment data information system', NULL),
(23, 'MA2333', 'Matematika Diskret', 3, 'theory set fuzzy set function nature nature binary relations relations operation equivalent relations partial orders kombinatorika graph shortest path problem the trajectory euler hamilton tree tree traversal binary tree application minimum spanning tree graph coloring mathematical mathematics', NULL),
(24, 'MA2713', 'Logika Matematika', 3, 'boolean algebra minimization Boolean expressions proposition calculus determine truth value compound sentences drawing conclusions set sentences predicate calculus determine truth value interpretation given mathematical methods proof mathematical induction inference program prolog', NULL),
(25, 'CS2083', 'Desain dan Analisis Algoritma', 3, 'introduction software engineering concepts top-down bottom-up programming correctness proofs induction transforming optimizing programs basic algorithmic analysis asymptotic analysis upper average complexity bounds identifying differences best average worst case behaviors big O little o omega theta notation recurrence relations characteristic equation master theorem analyze recursive algorithms algorithmic strategies brute-force algorithms greedy algorithms divide-and-conquer backtracking branch-and-bound pattern matching fundamental computing algorithms sequential binary search algorithms quadratic sorting algorithm sorting algorithms advanced algorithmic analysis dynamic programming', NULL),
(26, 'CS2343', 'Perancangan Basis Data Relasional', 3, 'introduction relational database relational model relational algebra entity relationship model functional dependency normalization SQL SQL query query manipulation query optimization', NULL),
(27, 'CS2624', 'Organisasi dan Arsitektur Komputer', 4, 'evolution performance computer computer technologies data representation computer arithmatic instruction computer architecture data path control memory bus I/O input output device introduction to parallel processing', NULL),
(28, 'CS2921', 'Praktikum Basisdata', 1, 'concept relational database queries query operators query functions aggregate functions joins nested queries data manipulation language orders DML data definition language constraint PL/SQL procedure function package trigger connectivity database design tools SQL', NULL),
(29, 'CS2223', 'Pemrograman Berorientasi Objek', 3, 'concepts object-oriented programming object-oriented build programs java programming language concept OOP programming objects ADT OO concepts classes objects messages methods inheritance relation classes objects polymorphism templates programming java', NULL),
(30, 'MA2513', 'Probabilitas dan Statistika', 3, 'exploratory data analysis confirmatory data analysis opportunity theory follows application opportunity links between theory combinatorics analysis random variables expectations special distribution discrete continuous random variables linear regression correlation', NULL),
(31, 'SE2423', 'Rekayasa Perangkat Lunak', 3, 'definition history software engineering software engineering process models systems engineering requirements model analysis structured design modeling tool data flow diagram data dictionary spec process structure chart software testing techniques project management documentation maintenance', NULL),
(32, 'CS3214', 'Grafika dan Pengolahan Citra', 4, 'computer graphic object representation transformation viewing lighting model rendering texture mapping antialiasing morphing virtual reality image processing convolution theory fourier transformation histogram image enhancement edge detection image segmentation image compression steganography watermarking', NULL),
(33, 'CS3334', 'Sistem Basisdata', 4, 'database management system concept implementation operator relational relational query optimization database schema improvements tuning transaction concurrency recovery database administrator', NULL),
(34, 'CS3613', 'Sistem Operasi', 3, 'computer system review function operating system development operating system structure operating system application program interface process thread central processing unit CPU scheduling process syncronization deadlock concurrency memory management virtual memory file system I/O input output management operating system security', NULL),
(35, 'CS3931', 'Praktikum Sistem Operasi', 1, 'practicum of operating system practical system schedulling concurrency I/O input output programming file system system performance', NULL),
(36, 'SE3414', 'RPL: Teknik Berorientasi Objek', 4, 'introduction software development object-oriented techniques the unified modeling language rpl software engineering method object-oriented techniques systems analysis modeling business software requirements analysis documentation introduction design system design detailed design design patterns implementation rational unified process RUP', NULL),
(37, 'CS3423', 'Kecerdasan Mesin dan Artifisial', 3, 'artificial intelegence uninformed informed search constraint satisfaction problem adversarial search prepositions logic knowledge-base system fuzzy logic7', NULL),
(38, 'CS3113', 'Teori Komputasi', 3, 'theory set cardinality and languages regular expression grammar finite automata parser pushdown automata chomsky hierarchy universal turing machine computation', NULL),
(39, 'CS3623', 'Jaringan Komputer', 3, 'introduction computer network network architecture data encryption framing error detection reliable transmission lan local area network technologies packet switching internetworking end-to-end protocols', NULL),
(40, 'DU2002', 'Studium Generale', 2, 'general lecture topic science informatics entrepreneur research courses debates', NULL),
(41, 'IS3773', 'Manajemen Proyek Teknologi Informasi', 3, 'introduction project management it projects variety cycle of it projects development evaluation proposals preparation project scoping scheduling projects organization project completion it project team control projects information system project management quality management project testing implementation integration', NULL),
(42, 'IS3013', 'Analisis dan Perancangan Sistem Informasi', 3, 'concept information system components information systems information systems planning business process linkages organizational information systems information systems development methodology stages life cycle information systems feasibility studies analysis design coding testing maintenance application modeling information system tools analysis design information systems', NULL),
(43, 'DU2203', 'Kewarganegaraan', 3, 'awareness defend country comprehensive integral thinking strengthen national resilience civics moral', NULL),
(44, 'CS4102', 'Kapita Selekta', 2, 'awareness defend country comprehensive integral thinking strengthen national resilience', NULL),
(45, 'CS4002', 'TA I dan Seminar', 2, 'basic concept research methods scope cycle research general stages research research variables survey research methods research problem solving experimental research research development manufacturing engineering research proposals reports making final frame final seminar', NULL),
(46, 'CS4444', 'Kerja Praktek', 4, 'practical work real life work experience job company', NULL),
(47, 'AA4822', 'Geladi', 2, 'practical work real life work experience job company telkom', NULL),
(48, 'CS4004', 'TA II', 4, 'final task research field informatics software information data engineering telematics intelligent computing multimedia proposed resolution improvement existing systems techniques methods studied scope of informatics engineering sciences', NULL),
(49, 'CS1113', 'Pemrograman Komputer', 3, 'notations algorithm basic types composition record prices expressions I/O input output sequence assignment analysis case functions procedures repetition sequential processing scheme abstract machines tables sequential files', NULL);

-- --------------------------------------------------------

--
-- Table structure for table `rs_review`
--

CREATE TABLE IF NOT EXISTS `rs_review` (
  `id_review` int(6) NOT NULL AUTO_INCREMENT,
  `id_mk` int(3) NOT NULL,
  `id_user` int(4) NOT NULL,
  `rating` float NOT NULL,
  `review` varchar(280) DEFAULT NULL,
  PRIMARY KEY (`id_review`),
  KEY `id_mk` (`id_mk`,`id_user`),
  KEY `id_user` (`id_user`)
) ENGINE=InnoDB  DEFAULT CHARSET=latin1 AUTO_INCREMENT=416 ;

--
-- Dumping data for table `rs_review`
--

INSERT INTO `rs_review` (`id_review`, `id_mk`, `id_user`, `rating`, `review`) VALUES
(1, 110, 4, 4, 'Bagus'),
(2, 910, 4, 5, 'Good'),
(3, 510, 12, 4, ''),
(4, 110, 12, 5, ''),
(5, 2610, 12, 5, ''),
(6, 2910, 12, 5, ''),
(7, 410, 12, 1, ''),
(8, 1810, 13, 4, ''),
(9, 2010, 13, 3, ''),
(10, 310, 13, 2, ''),
(11, 1710, 14, 5, ''),
(12, 1810, 14, 4, ''),
(13, 510, 14, 5, ''),
(14, 310, 14, 4, ''),
(15, 1810, 15, 2, ''),
(16, 2010, 15, 2, ''),
(17, 310, 15, 3, ''),
(18, 4110, 15, 3, ''),
(19, 2810, 15, 3, ''),
(20, 910, 16, 2, ''),
(21, 1710, 16, 4, ''),
(22, 510, 16, 3, ''),
(23, 2010, 16, 2, ''),
(24, 1210, 16, 3, ''),
(25, 1710, 17, 5, ''),
(26, 1810, 17, 1, ''),
(27, 310, 17, 4, ''),
(28, 410, 17, 3, ''),
(29, 1610, 18, 4, ''),
(30, 1810, 18, 3, ''),
(31, 510, 18, 4, ''),
(32, 2710, 19, 2, ''),
(33, 1210, 19, 2, ''),
(34, 3610, 19, 5, ''),
(35, 4010, 19, 2, ''),
(36, 1010, 19, 2, ''),
(37, 1810, 20, 3, ''),
(38, 510, 20, 2, ''),
(39, 2010, 20, 3, ''),
(40, 110, 20, 4, ''),
(41, 1010, 20, 3, ''),
(42, 1110, 20, 3, ''),
(43, 1710, 21, 4, ''),
(44, 1810, 21, 4, ''),
(45, 510, 21, 3, ''),
(46, 310, 21, 3, ''),
(47, 1010, 21, 4, ''),
(48, 1210, 21, 4, ''),
(49, 1710, 22, 4, ''),
(50, 3310, 22, 4, ''),
(51, 1210, 22, 3, ''),
(52, 1010, 22, 3, ''),
(53, 1110, 22, 5, ''),
(54, 1510, 23, 3, ''),
(55, 2610, 23, 4, ''),
(56, 210, 23, 4, ''),
(57, 1210, 23, 3, ''),
(58, 1010, 23, 3, ''),
(59, 3410, 23, 3, ''),
(60, 3910, 23, 1, ''),
(61, 4010, 23, 2, ''),
(62, 1810, 24, 2, ''),
(63, 510, 24, 3, ''),
(64, 210, 24, 5, ''),
(65, 1110, 24, 5, ''),
(66, 1710, 25, 4, ''),
(67, 1810, 25, 4, ''),
(68, 2010, 25, 4, ''),
(69, 210, 25, 5, ''),
(70, 1010, 25, 4, ''),
(71, 1110, 25, 2, ''),
(72, 910, 26, 4, ''),
(73, 1710, 26, 4, ''),
(74, 510, 26, 5, ''),
(75, 210, 26, 3, ''),
(76, 1110, 26, 5, ''),
(77, 910, 27, 2, ''),
(78, 1510, 27, 4, ''),
(79, 1710, 27, 5, ''),
(80, 1810, 27, 4, ''),
(81, 510, 27, 5, ''),
(82, 1910, 27, 5, ''),
(83, 2010, 27, 5, ''),
(84, 2110, 27, 4, ''),
(85, 310, 27, 5, ''),
(86, 2210, 27, 4, ''),
(87, 110, 27, 4, ''),
(88, 2510, 27, 4, ''),
(89, 2610, 27, 5, ''),
(90, 2710, 27, 5, ''),
(91, 110, 28, 4, ''),
(92, 2610, 28, 5, ''),
(93, 2810, 28, 5, ''),
(94, 410, 28, 5, ''),
(95, 1810, 29, 4, ''),
(96, 2610, 29, 5, ''),
(97, 2910, 29, 3, ''),
(98, 3110, 29, 4, ''),
(99, 210, 4, 4, ''),
(100, 110, 47, 4, NULL),
(101, 110, 52, 4, NULL),
(102, 210, 31, 5, NULL),
(103, 210, 32, 4, NULL),
(104, 210, 33, 4, NULL),
(105, 210, 36, 2, NULL),
(106, 210, 36, 5, NULL),
(107, 210, 38, 4, NULL),
(108, 210, 39, 4, NULL),
(109, 210, 40, 5, NULL),
(110, 210, 43, 5, NULL),
(111, 210, 44, 5, NULL),
(112, 210, 45, 5, NULL),
(113, 210, 46, 5, NULL),
(114, 210, 48, 5, NULL),
(115, 210, 53, 4, NULL),
(116, 210, 54, 5, NULL),
(117, 210, 55, 5, NULL),
(118, 210, 56, 4, NULL),
(119, 210, 57, 5, NULL),
(120, 210, 59, 5, NULL),
(121, 210, 60, 5, NULL),
(122, 210, 62, 5, NULL),
(123, 210, 64, 5, NULL),
(124, 210, 66, 5, NULL),
(125, 210, 67, 4, NULL),
(126, 210, 68, 5, NULL),
(127, 210, 69, 5, NULL),
(128, 210, 71, 5, NULL),
(129, 210, 75, 5, NULL),
(130, 210, 76, 5, NULL),
(131, 210, 77, 5, NULL),
(132, 210, 78, 5, NULL),
(133, 210, 79, 5, NULL),
(134, 210, 80, 5, NULL),
(135, 210, 81, 5, NULL),
(136, 210, 82, 5, NULL),
(137, 210, 84, 5, NULL),
(138, 210, 85, 5, NULL),
(139, 210, 86, 4, NULL),
(140, 210, 87, 5, NULL),
(141, 210, 88, 5, NULL),
(142, 210, 89, 5, NULL),
(143, 210, 90, 5, NULL),
(144, 210, 91, 5, NULL),
(145, 210, 92, 5, NULL),
(146, 310, 48, 5, NULL),
(147, 310, 51, 4, NULL),
(148, 310, 54, 4, NULL),
(149, 310, 56, 4, NULL),
(150, 310, 57, 4, NULL),
(151, 310, 58, 1, NULL),
(152, 310, 59, 4, NULL),
(153, 310, 62, 5, NULL),
(154, 310, 63, 4, NULL),
(155, 310, 64, 4, NULL),
(156, 310, 70, 1, NULL),
(157, 310, 73, 5, NULL),
(158, 310, 75, 4, NULL),
(159, 310, 77, 5, NULL),
(160, 310, 78, 4, NULL),
(161, 310, 82, 4, NULL),
(162, 310, 88, 5, NULL),
(163, 310, 91, 5, NULL),
(164, 410, 31, 1, NULL),
(165, 410, 36, 4, NULL),
(166, 410, 51, 4, NULL),
(167, 510, 36, 1, NULL),
(168, 510, 38, 5, NULL),
(169, 510, 40, 5, NULL),
(170, 510, 45, 2, NULL),
(171, 510, 50, 1, NULL),
(172, 510, 51, 5, NULL),
(173, 910, 75, 5, NULL),
(174, 910, 76, 1, NULL),
(175, 910, 77, 5, NULL),
(176, 910, 84, 5, NULL),
(177, 910, 90, 5, NULL),
(178, 1210, 31, 3, NULL),
(179, 1210, 32, 5, NULL),
(180, 1210, 33, 5, NULL),
(181, 1210, 36, 5, NULL),
(182, 1210, 39, 5, NULL),
(183, 1210, 45, 5, NULL),
(184, 1210, 53, 5, NULL),
(185, 1210, 55, 5, NULL),
(186, 1210, 80, 5, NULL),
(187, 1710, 31, 1, NULL),
(188, 1710, 32, 4, NULL),
(189, 1710, 33, 4, NULL),
(190, 1710, 36, 5, NULL),
(191, 1710, 38, 5, NULL),
(192, 1710, 39, 4, NULL),
(193, 1710, 43, 4, NULL),
(194, 1710, 44, 4, NULL),
(195, 1710, 45, 5, NULL),
(196, 1710, 47, 4, NULL),
(197, 1710, 48, 5, NULL),
(198, 1710, 53, 5, NULL),
(199, 1710, 57, 4, NULL),
(200, 1710, 58, 1, NULL),
(201, 1710, 59, 5, NULL),
(202, 1710, 60, 4, NULL),
(203, 1710, 62, 4, NULL),
(204, 1710, 63, 5, NULL),
(205, 1710, 64, 5, NULL),
(206, 1710, 66, 5, NULL),
(207, 1710, 69, 4, NULL),
(208, 1710, 70, 1, NULL),
(209, 1710, 71, 4, NULL),
(210, 1710, 76, 4, NULL),
(211, 1710, 77, 4, NULL),
(212, 1710, 78, 4, NULL),
(213, 1710, 79, 5, NULL),
(214, 1710, 80, 5, NULL),
(215, 1710, 82, 4, NULL),
(216, 1710, 84, 4, NULL),
(217, 1710, 85, 5, NULL),
(218, 1710, 86, 4, NULL),
(219, 1710, 87, 5, NULL),
(220, 1710, 88, 5, NULL),
(221, 1710, 89, 5, NULL),
(222, 1710, 90, 4, NULL),
(223, 1710, 92, 4, NULL),
(224, 1810, 31, 4, NULL),
(225, 1810, 40, 4, NULL),
(226, 1810, 47, 4, NULL),
(227, 1810, 51, 1, NULL),
(228, 1810, 52, 4, NULL),
(229, 1810, 54, 5, NULL),
(230, 1810, 56, 4, NULL),
(231, 1910, 49, 1, NULL),
(232, 2010, 31, 5, NULL),
(233, 2010, 40, 4, NULL),
(234, 2010, 47, 4, NULL),
(235, 2010, 49, 1, NULL),
(236, 2010, 58, 4, NULL),
(237, 2010, 59, 4, NULL),
(238, 2010, 60, 4, NULL),
(239, 2010, 61, 1, NULL),
(240, 2010, 62, 4, NULL),
(241, 2010, 63, 4, NULL),
(242, 2010, 65, 4, NULL),
(243, 2010, 67, 4, NULL),
(244, 2010, 68, 4, NULL),
(245, 2010, 69, 4, NULL),
(246, 2010, 71, 4, NULL),
(247, 2010, 73, 4, NULL),
(248, 2010, 74, 5, NULL),
(249, 2010, 75, 4, NULL),
(250, 2010, 76, 4, NULL),
(251, 2010, 77, 4, NULL),
(252, 2010, 78, 4, NULL),
(253, 2010, 79, 4, NULL),
(254, 2010, 80, 4, NULL),
(255, 2010, 81, 4, NULL),
(256, 2010, 82, 3, NULL),
(257, 2010, 84, 4, NULL),
(258, 2010, 85, 4, NULL),
(259, 2010, 86, 4, NULL),
(260, 2010, 87, 4, NULL),
(261, 2010, 88, 4, NULL),
(262, 2010, 89, 4, NULL),
(263, 2010, 90, 4, NULL),
(264, 2010, 91, 4, NULL),
(265, 2010, 92, 4, NULL),
(266, 2210, 43, 4, NULL),
(267, 2210, 54, 5, NULL),
(268, 2210, 56, 5, NULL),
(269, 2210, 57, 5, NULL),
(270, 2210, 59, 5, NULL),
(271, 2210, 64, 5, NULL),
(272, 2210, 71, 4, NULL),
(273, 2210, 92, 1, NULL),
(274, 2310, 90, 5, NULL),
(275, 2410, 74, 4, NULL),
(276, 2510, 53, 4, NULL),
(277, 2510, 74, 5, NULL),
(278, 2510, 81, 5, NULL),
(279, 2510, 91, 5, NULL),
(280, 2610, 38, 5, NULL),
(281, 2610, 46, 5, NULL),
(282, 2610, 50, 3, NULL),
(283, 2710, 45, 4, NULL),
(284, 2710, 46, 4, NULL),
(285, 2710, 51, 4, NULL),
(286, 2710, 52, 4, NULL),
(287, 2710, 80, 4, NULL),
(288, 2710, 81, 4, NULL),
(289, 2810, 40, 1, NULL),
(290, 2810, 57, 5, NULL),
(291, 2810, 67, 5, NULL),
(292, 2810, 74, 4, NULL),
(293, 2810, 84, 5, NULL),
(294, 2810, 91, 4, NULL),
(295, 2810, 92, 5, NULL),
(296, 2910, 44, 5, NULL),
(297, 2910, 46, 4, NULL),
(298, 2910, 48, 5, NULL),
(299, 2910, 50, 1, NULL),
(300, 2910, 52, 5, NULL),
(301, 2910, 57, 1, NULL),
(302, 2910, 59, 4, NULL),
(303, 2910, 60, 5, NULL),
(304, 2910, 63, 4, NULL),
(305, 2910, 64, 4, NULL),
(306, 2910, 67, 5, NULL),
(307, 2910, 69, 4, NULL),
(308, 2910, 70, 1, NULL),
(309, 2910, 71, 4, NULL),
(310, 2910, 76, 4, NULL),
(311, 2910, 77, 4, NULL),
(312, 2910, 78, 4, NULL),
(313, 2910, 79, 4, NULL),
(314, 2910, 80, 5, NULL),
(315, 2910, 81, 1, NULL),
(316, 2910, 82, 5, NULL),
(317, 2910, 84, 5, NULL),
(318, 2910, 85, 5, NULL),
(319, 2910, 86, 5, NULL),
(320, 2910, 87, 4, NULL),
(321, 2910, 89, 5, NULL),
(322, 2910, 90, 4, NULL),
(323, 2910, 91, 4, NULL),
(324, 2910, 92, 4, NULL),
(325, 3110, 67, 1, NULL),
(326, 3110, 91, 3, NULL),
(327, 3210, 46, 4, NULL),
(328, 3210, 50, 1, NULL),
(329, 3210, 51, 4, NULL),
(330, 3210, 52, 5, NULL),
(331, 3310, 33, 3, NULL),
(332, 3310, 43, 3, NULL),
(333, 3310, 44, 4, NULL),
(334, 3310, 55, 3, NULL),
(335, 3310, 66, 5, NULL),
(336, 3310, 68, 5, NULL),
(337, 3310, 70, 1, NULL),
(338, 3310, 75, 5, NULL),
(339, 3310, 88, 5, NULL),
(340, 3510, 67, 4, NULL),
(341, 3510, 68, 5, NULL),
(342, 3510, 73, 5, NULL),
(343, 3610, 32, 5, NULL),
(344, 3610, 36, 4, NULL),
(345, 3610, 39, 5, NULL),
(346, 3610, 44, 5, NULL),
(347, 3610, 47, 5, NULL),
(348, 3610, 53, 5, NULL),
(349, 3710, 43, 4, NULL),
(350, 3710, 49, 1, NULL),
(351, 3710, 55, 4, NULL),
(352, 4010, 31, 5, NULL),
(353, 4010, 32, 5, NULL),
(354, 4010, 33, 5, NULL),
(355, 4010, 36, 2, NULL),
(356, 4010, 37, 1, NULL),
(357, 4010, 38, 4, NULL),
(358, 4010, 39, 5, NULL),
(359, 4010, 40, 2, NULL),
(360, 4010, 43, 4, NULL),
(361, 4010, 44, 5, NULL),
(362, 4010, 45, 5, NULL),
(363, 4010, 46, 5, NULL),
(364, 4010, 47, 4, NULL),
(365, 4010, 48, 4, NULL),
(366, 4010, 49, 2, NULL),
(367, 4010, 50, 1, NULL),
(368, 4010, 50, 2, NULL),
(369, 4010, 51, 5, NULL),
(370, 4010, 52, 5, NULL),
(371, 4010, 53, 5, NULL),
(372, 4010, 54, 5, NULL),
(373, 4010, 55, 5, NULL),
(374, 4010, 56, 5, NULL),
(375, 4010, 57, 3, NULL),
(376, 4010, 57, 4, NULL),
(377, 4010, 58, 2, NULL),
(378, 4010, 59, 3, NULL),
(379, 4010, 59, 5, NULL),
(380, 4010, 60, 5, NULL),
(381, 4010, 61, 1, NULL),
(382, 4010, 62, 5, NULL),
(383, 4010, 63, 4, NULL),
(384, 4010, 64, 4, NULL),
(385, 4010, 65, 3, NULL),
(386, 4010, 66, 3, NULL),
(387, 4010, 67, 3, NULL),
(388, 4010, 68, 5, NULL),
(389, 4010, 69, 4, NULL),
(390, 4010, 70, 3, NULL),
(391, 4010, 71, 4, NULL),
(392, 4010, 72, 1, NULL),
(393, 4010, 73, 3, NULL),
(394, 4010, 74, 4, NULL),
(395, 4010, 75, 4, NULL),
(396, 4010, 76, 2, NULL),
(397, 4010, 76, 1, NULL),
(398, 4010, 77, 4, NULL),
(399, 4010, 78, 3, NULL),
(400, 4010, 79, 3, NULL),
(401, 4010, 80, 4, NULL),
(402, 4010, 81, 2, NULL),
(403, 4010, 81, 4, NULL),
(404, 4010, 82, 3, NULL),
(405, 4010, 83, 1, NULL),
(406, 4010, 84, 3, NULL),
(407, 4010, 84, 5, NULL),
(408, 4010, 85, 4, NULL),
(409, 4010, 86, 4, NULL),
(410, 4010, 87, 5, NULL),
(411, 4010, 88, 4, NULL),
(412, 4010, 89, 3, NULL),
(413, 4010, 90, 4, NULL),
(414, 4010, 91, 4, NULL),
(415, 4010, 92, 5, NULL);

-- --------------------------------------------------------

--
-- Table structure for table `rs_semester`
--

CREATE TABLE IF NOT EXISTS `rs_semester` (
  `semester` int(2) NOT NULL,
  PRIMARY KEY (`semester`)
) ENGINE=InnoDB DEFAULT CHARSET=latin1;

--
-- Dumping data for table `rs_semester`
--

INSERT INTO `rs_semester` (`semester`) VALUES
(1),
(2),
(3),
(4),
(5),
(6),
(7),
(8),
(9),
(10);

-- --------------------------------------------------------

--
-- Table structure for table `rs_user`
--

CREATE TABLE IF NOT EXISTS `rs_user` (
  `id_user` int(4) NOT NULL AUTO_INCREMENT,
  `user_name` varchar(15) NOT NULL,
  `user_pass` varchar(32) NOT NULL,
  `email` varchar(100) NOT NULL,
  PRIMARY KEY (`id_user`)
) ENGINE=InnoDB  DEFAULT CHARSET=latin1 AUTO_INCREMENT=93 ;

--
-- Dumping data for table `rs_user`
--

INSERT INTO `rs_user` (`id_user`, `user_name`, `user_pass`, `email`) VALUES
(4, '113090100', '5974cec1d689854c3a70b839a6d2d50d', 'hherdinaufal@gmail.com'),
(5, 'ridha', '827ccb0eea8a706c4c34a16891f84e7b', 'ridha@gmail.com'),
(6, 'rezafach', '46632a526b980b41478ca6078fb02c28', 'ardian.ittelkom@gmail.com'),
(9, 'robotek', '6d67f24e6f2cff6ed5b0495fab78618a', 'robo@yahoo.com'),
(10, 'masio', '28896f6e3aea120ac79da12a46a77c38', 'masio@yahoo.com'),
(11, 'nevada', 'cbc8151b4cd63448bf0eec32112d0174', 'nevada@gmail.com'),
(12, '113090105', 'c2d8898ca20b82f201cbc9699ca9468e', '113090105@gmail.com'),
(13, '113090092', '67c0db55df1dc1c88d4c4d9a7d0dcad2', '113090092@gmail.com'),
(14, '113090121', '3db940c5df6cf24021c04bbc4cd5c59a', '113090121@gmail.com'),
(15, '113091005', 'd225f112d8943872f8a47c92483be5de', '113091005@gmail.com'),
(16, '113090077', '1af16107a3fc9c81a0f0fcb0a50ca877', '113090077@gmail.com'),
(17, '113090099', 'dacbc744f38932e47b1e2e2a9374d28c', '113090099@gmail.com'),
(18, '113090106', '71c8d400c47cd4165708ba520c7df581', '113090106@gmail.com'),
(19, '113090xx1', '7e27c70d4253e1adaa5a248ae50551ab', '113090xx1@gmail.com'),
(20, '113090xx2', '878286605551708a90426de16d4c996c', '113090xx2@gmail.com'),
(21, '113090109', 'f8a5df061e6149240698e5f967be3660', '113090109@gmail.com'),
(22, '113090130', '217a575a3a8007e12b67d1201f82134d', '113090130@gmail.com'),
(23, '113108022', '257161bf0d1f4c83b4c2927cd65deb56', '113108022@gmail.com'),
(24, '113090009', 'af2e9cc11bb31e340a2657f0285a1f74', '113090009@gmail.com'),
(25, '113090179', 'e95904bc1efa9388c47369c95848799d', '113090179@gmail.com'),
(26, '113090116', 'd67eb391470a7614205553ac7ff1619c', '113090116@gmail.com'),
(27, '113090086', '23e08fec0fa2176620f38369e8c88ab5', '113090086@gmail.com'),
(28, '113090xx3', '4bd20d3e730aac5f1ddc2b308b5ea164', '113090xx3@gmail.com'),
(29, '113090xx4', 'fe75e4ed11fd06912c2ef5a4df977a26', '113090xx4@gmail.com'),
(30, '113060001', '27b3ee306bab1bd36941439ba72b9019', '113060001@gmail.com'),
(31, '113060002', 'f3c6bcbba2e60265b1bddcba4dd643d8', '113060002@gmail.com'),
(32, '113060003', '277ce0f401c5a6cd3bf6d7999dc606da', '113060003@gmail.com'),
(33, '113060005', '2c1e9a52e08cbea62e8165a08532e6b2', '113060005@gmail.com'),
(34, '113060006', 'b257f7d915e9a0b36cdfbd75827b7b3c', '113060006@gmail.com'),
(35, '113060007', 'd7adf4f23cb911166d2b5bc7b903d6fa', '113060007@gmail.com'),
(36, '113060008', '95af49fd9e2b43362512aa4f0fdb1aae', '113060008@gmail.com'),
(37, '113060009', '92a43522c95894703f5460c460d25289', '113060009@gmail.com'),
(38, '113060010', 'd09e747a8fe3f89431f1bb59f94941cf', '113060010@gmail.com'),
(39, '113060011', '98af06f6477a94eb1ef5d2352c4a5e6c', '113060011@gmail.com'),
(40, '113060012', '26f5e8c978a039e2a3c751b0bee7d131', '113060012@gmail.com'),
(41, '113060013', '736aad4cc83f269663cc8735b90d4f66', '113060013@gmail.com'),
(42, '113060015', 'f55bf0ab15e9f72746ed4010b1f60806', '113060015@gmail.com'),
(43, '113060017', 'ff92bc9ccb7393a139a5c15a39bd89ff', '113060017@gmail.com'),
(44, '113060019', 'e350492f7e7248398435cdb9a3a79d6a', '113060019@gmail.com'),
(45, '113060020', '7ff1f06444d8658aac8a79a24af04515', '113060020@gmail.com'),
(46, '113060021', 'a1069f056c8c3f454d8ca82d005d5834', '113060021@gmail.com'),
(47, '113060022', '4ebce7829880b7c79742b1919514a151', '113060022@gmail.com'),
(48, '113060023', '45ab25801cfc5bb3b9f198307860ace2', '113060023@gmail.com'),
(49, '113060024', '199624d79a50dac4276a0af9e463aa5a', '113060024@gmail.com'),
(50, '113060025', '51a224656e9e19ad90eb4788f0f33245', '113060025@gmail.com'),
(51, '113060026', 'cf95068393f684506f44405d243a0008', '113060026@gmail.com'),
(52, '113060027', 'e1b73eb72dee61fffa6d7cb48ca059c3', '113060027@gmail.com'),
(53, '113060028', '86c20be01402d113e1c57e419e9648e9', '113060028@gmail.com'),
(54, '113060029', 'aed35e91c5b501bf0220bfd9629998c3', '113060029@gmail.com'),
(55, '113060030', '94db618c33e73b9c9a1634936bce686b', '113060030@gmail.com'),
(56, '113060031', 'abc116cd2498337ccc93c6b106899d4b', '113060031@gmail.com'),
(57, '113078049', '11a36f5e13b24f4e92f2f8486dbfd557', '113078049@gmail.com'),
(58, '113078050', '2926d05765e78d2eac5067c02d7e9bd0', '113078050@gmail.com'),
(59, '113078051', '5af183437dbc15a3f9bbf759349c4b2e', '113078051@gmail.com'),
(60, '113078052', 'b1ada8241113097bb750d93f13430d94', '113078052@gmail.com'),
(61, '113078053', '8e3554bfc3c0a5135dd372f567f9ba77', '113078053@gmail.com'),
(62, '113078054', 'a18fd832d27bb2156df3c901da3c4f7b', '113078054@gmail.com'),
(63, '113078055', 'ac23c2117bafc4f4c4be6736ef836f3b', '113078055@gmail.com'),
(64, '113078056', '2b4d39b865cc083717322cf1ff20558d', '113078056@gmail.com'),
(65, '113078057', 'abd04ef8aea47496c4878b4f180ad54c', '113078057@gmail.com'),
(66, '113078058', 'd32ce9c5b3cbb1bc6a5cfef6b787cf76', '113078058@gmail.com'),
(67, '113078059', 'cb79667b54bfd9010099d8bd7835702e', '113078059@gmail.com'),
(68, '113078060', '0444a098bfbf43688aa45f1e598489c6', '113078060@gmail.com'),
(69, '113078061', '276d854af5683b71096800e81910ab28', '113078061@gmail.com'),
(70, '113078062', 'f60daaf5dc4c16b7e712feadd47481ca', '113078062@gmail.com'),
(71, '113078063', '14a7abf7e6e41813fe48fdb16b7be3e7', '113078063@gmail.com'),
(72, '113078064', '5d7fe21e41c4a77e68ecaad1ee24d4aa', '113078064@gmail.com'),
(73, '113078065', 'c5ef74efdd7943f1460465ef002d91ee', '113078065@gmail.com'),
(74, '113078066', '1bf5cd66889b3724025db1e74498fcc1', '113078066@gmail.com'),
(75, '113078067', 'aa539833b1d7dd7504aadf42db4d8058', '113078067@gmail.com'),
(76, '113078068', 'a2819bb62f675bc3a11d46f11f703df9', '113078068@gmail.com'),
(77, '113078069', '44467c1bef5954f6ef4a6bcbfd14f1f6', '113078069@gmail.com'),
(78, '113078070', 'd723a0a996cd8081a9e3c70462e8482e', '113078070@gmail.com'),
(79, '113078071', '4462551fecd8ae5943639a654e470761', '113078071@gmail.com'),
(80, '113078072', '17c30b35bada99dd84e3137639093324', '113078072@gmail.com'),
(81, '113078073', '94c5e50f51b499b790b0fa0135ba10f4', '113078073@gmail.com'),
(82, '113078074', 'c6d5c85e46861e6ee79f5e37d20b58a3', '113078074@gmail.com'),
(83, '113078075', 'a0be74dc34e5bbc6218ed777c9092725', '113078075@gmail.com'),
(84, '113078076', '04954ac7483a8f27ce0dbc58fe9ae790', '113078076@gmail.com'),
(85, '113078077', '6b39eb133cb3ee7ba985686e01829744', '113078077@gmail.com'),
(86, '113078078', 'd057c29d2ca1f5b7bf005d6fd0483788', '113078078@gmail.com'),
(87, '113078079', '14eb6d4991d851bb57d4c91d6861c620', '113078079@gmail.com'),
(88, '113078080', '6b116a74c73f22b497d7d85c07ca8688', '113078080@gmail.com'),
(89, '113078081', '5ad09506a1c68331ffb2aa1103145eb3', '113078081@gmail.com'),
(90, '113078082', '8cede327bd0adf5e21e3a54c0a34a1f6', '113078082@gmail.com'),
(91, '113078083', '2b64ea6b6a69f27e1d982a9e6a3308a2', '113078083@gmail.com'),
(92, '113078084', '5343ba5b14c30bd93dd9beb4974cd7c0', '113078084@gmail.com');

-- --------------------------------------------------------

--
-- Table structure for table `rs_user_data`
--

CREATE TABLE IF NOT EXISTS `rs_user_data` (
  `user_id` int(4) NOT NULL,
  `nama` varchar(50) NOT NULL,
  `semester` varchar(2) NOT NULL,
  `jurusan` varchar(50) NOT NULL,
  PRIMARY KEY (`user_id`),
  KEY `semester` (`semester`,`jurusan`)
) ENGINE=InnoDB DEFAULT CHARSET=latin1;

--
-- Constraints for dumped tables
--

--
-- Constraints for table `rs_histori_nilai`
--
ALTER TABLE `rs_histori_nilai`
  ADD CONSTRAINT `rs_histori_nilai_ibfk_1` FOREIGN KEY (`id_user`) REFERENCES `rs_user` (`id_user`) ON DELETE CASCADE ON UPDATE CASCADE,
  ADD CONSTRAINT `rs_histori_nilai_ibfk_2` FOREIGN KEY (`id_mk`) REFERENCES `rs_mk_wajib` (`id_mk`) ON DELETE CASCADE ON UPDATE CASCADE;

--
-- Constraints for table `rs_review`
--
ALTER TABLE `rs_review`
  ADD CONSTRAINT `rs_review_ibfk_1` FOREIGN KEY (`id_mk`) REFERENCES `rs_matakuliah` (`id_mk`) ON DELETE CASCADE ON UPDATE CASCADE,
  ADD CONSTRAINT `rs_review_ibfk_2` FOREIGN KEY (`id_user`) REFERENCES `rs_user` (`id_user`) ON DELETE CASCADE ON UPDATE CASCADE;

--
-- Constraints for table `rs_user_data`
--
ALTER TABLE `rs_user_data`
  ADD CONSTRAINT `rs_user_data_ibfk_1` FOREIGN KEY (`user_id`) REFERENCES `rs_user` (`id_user`) ON DELETE CASCADE ON UPDATE CASCADE;

/*!40101 SET CHARACTER_SET_CLIENT=@OLD_CHARACTER_SET_CLIENT */;
/*!40101 SET CHARACTER_SET_RESULTS=@OLD_CHARACTER_SET_RESULTS */;
/*!40101 SET COLLATION_CONNECTION=@OLD_COLLATION_CONNECTION */;
